"last_name, first_name","player_id","team_name_alt","pitch_type","pitch_name","run_value_per_100","run_value","pitches","pitch_usage","pa","ba","slg","woba","whiff_percent","k_percent","put_away","est_ba","est_slg","est_woba","hard_hit_percent"
"Gausman, Kevin",592332,"TOR","FF","4-Seam Fastball",1.3,20,"1628",53.7,"437","0.23","0.38","0.306",16.9,19,17.7,"0.259","0.465","0.342",46.6
"Parker, Mitchell",680730,"WSH","FF","4-Seam Fastball",-0.4,-6,"1501",55.5,"417","0.269","0.447","0.358",10.7,8.9,10.1,"0.306","0.529","0.394",54.2
"Ray, Robbie",592662,"SF","FF","4-Seam Fastball",0.6,9,"1595",52,"415","0.208","0.357","0.3",23.5,26,20.6,"0.209","0.387","0.303",44.6
"Soriano, José",667755,"LAA","SI","Sinker",0.1,2,"1368",49.1,"412","0.29","0.38","0.357",16.1,7.8,13.3,"0.286","0.414","0.353",54.7
"Nelson, Ryne",669194,"AZ","FF","4-Seam Fastball",1.5,23,"1526",61.9,"405","0.207","0.36","0.281",19.1,22.7,17.4,"0.244","0.412","0.313",45.4
"Peralta, Freddy",642547,"MIL","FF","4-Seam Fastball",0.6,9,"1651",53.5,"395","0.209","0.381","0.314",22.8,23.5,17.6,"0.237","0.46","0.348",41.8
"Senzatela, Antonio",622608,"COL","FF","4-Seam Fastball",-1.7,-22,"1316",57.6,"376","0.356","0.542","0.437",13,10.4,11.9,"0.327","0.531","0.41",49
"Valdez, Framber",664285,"HOU","SI","Sinker",1.2,15,"1306",45.2,"376","0.277","0.378","0.33",13.1,8.5,19.8,"0.304","0.457","0.361",50.6
"Sánchez, Cristopher",650911,"PHI","SI","Sinker",1.4,19,"1332",46,"375","0.269","0.342","0.313",14.5,14.9,23.1,"0.259","0.411","0.322",50.5
"Pivetta, Nick",601713,"SD","FF","4-Seam Fastball",1.5,21,"1383",48.5,"366","0.183","0.326","0.263",24.9,30.3,25.8,"0.214","0.439","0.321",54.3
"Ryan, Joe",657746,"MIN","FF","4-Seam Fastball",1.2,17,"1403",50.2,"354","0.208","0.392","0.284",26.8,29.9,23,"0.195","0.406","0.279",44.7
"Gallen, Zac",668678,"AZ","FF","4-Seam Fastball",0.3,4,"1405",44.8,"353","0.244","0.413","0.324",12.9,17.8,16.3,"0.264","0.499","0.357",52.3
"Pallante, Andre",669467,"STL","FF","4-Seam Fastball",-0.8,-10,"1199",44.1,"345","0.33","0.528","0.417",14.1,9,12.7,"0.305","0.478","0.371",45.9
"Castillo, Luis",622491,"SEA","FF","4-Seam Fastball",0.9,12,"1386",46.4,"343","0.2","0.406","0.292",26.5,26.5,17.6,"0.193","0.408","0.286",49.3
"Abbott, Andrew",671096,"CIN","FF","4-Seam Fastball",1.2,15,"1263",47.2,"330","0.232","0.365","0.302",19.9,23,18.5,"0.224","0.384","0.303",40.7
"Boyd, Matthew",571510,"CHC","FF","4-Seam Fastball",0.8,10,"1292",47.1,"326","0.251","0.403","0.301",15.6,16.3,14.2,"0.272","0.469","0.336",45.5
"Flaherty, Jack",656427,"DET","FF","4-Seam Fastball",0.2,3,"1327",46.9,"323","0.264","0.444","0.348",17,22.9,19.2,"0.264","0.477","0.352",47.7
"Bassitt, Chris",605135,"TOR","SI","Sinker",0.2,2,"1177",41.6,"322","0.297","0.431","0.371",14.4,14.6,18.7,"0.292","0.45","0.356",44.4
"Sánchez, Cristopher",650911,"PHI","CH","Changeup",1.7,18,"1084",37.4,"318","0.17","0.243","0.207",45.1,40.9,29.8,"0.183","0.235","0.203",25.7
"Holmes, Clay",605280,"NYM","SI","Sinker",0.9,10,"1130",40.9,"315","0.286","0.39","0.362",16.6,11.1,19.7,"0.272","0.403","0.361",51.3
"Cease, Dylan",656302,"SD","FF","4-Seam Fastball",0,0,"1282",42.1,"314","0.241","0.417","0.341",25.8,23.6,18.7,"0.215","0.385","0.316",40.3
"Rodriguez, Eduardo",593958,"AZ","FF","4-Seam Fastball",-0.5,-6,"1177",45.5,"311","0.285","0.489","0.371",22.9,26.7,24.1,"0.255","0.465","0.346",44.8
"deGrom, Jacob",594798,"TEX","FF","4-Seam Fastball",1.7,21,"1203",46,"310","0.189","0.393","0.275",21.5,24.5,20.5,"0.216","0.423","0.3",43.9
"Cease, Dylan",656302,"SD","SL","Slider",0.3,4,"1247",41,"309","0.228","0.374","0.303",42.8,37.5,23,"0.201","0.32","0.263",35.3
"Gore, MacKenzie",669022,"WSH","FF","4-Seam Fastball",0,0,"1388",49.3,"309","0.294","0.483","0.371",20.7,16.5,15.6,"0.29","0.504","0.379",47.8
"Giolito, Lucas",608337,"BOS","FF","4-Seam Fastball",0.4,5,"1145",48.4,"303","0.267","0.389","0.343",16,15.2,16.8,"0.299","0.523","0.389",48.6
"Hendricks, Kyle",543294,"LAA","CH","Changeup",0.6,6,"987",38.4,"299","0.223","0.364","0.268",25.3,17.7,14.5,"0.227","0.363","0.27",26.4
"Rodón, Carlos",607074,"NYY","FF","4-Seam Fastball",0.5,7,"1344",41.8,"299","0.224","0.429","0.342",21.4,18.7,17.4,"0.23","0.436","0.342",42.5
"Woo, Bryan",693433,"SEA","FF","4-Seam Fastball",1.7,21,"1279",47.1,"299","0.153","0.332","0.241",28.8,31.8,22.2,"0.177","0.356","0.259",37.4
"Webb, Logan",657277,"SF","SI","Sinker",0.7,8,"1102",33.6,"297","0.295","0.439","0.348",12.8,15.5,21.9,"0.276","0.429","0.33",45.9
"Singer, Brady",663903,"CIN","SI","Sinker",-0.5,-6,"1157",40.6,"297","0.269","0.469","0.37",17.1,23.9,21.3,"0.253","0.443","0.357",49.4
"Pepiot, Ryan",686752,"TB","FF","4-Seam Fastball",-0.2,-2,"1211",44.9,"296","0.235","0.444","0.361",25.4,25,19.3,"0.211","0.381","0.33",46.5
"Gausman, Kevin",592332,"TOR","FS","Split-Finger",0.8,9,"1138",37.6,"296","0.181","0.294","0.232",38.6,34.5,21.5,"0.193","0.294","0.228",29.7
"Kikuchi, Yusei",579328,"LAA","SL","Slider",0.4,4,"1121",36.2,"295","0.254","0.443","0.366",25,20,20,"0.264","0.475","0.379",44.4
"Skenes, Paul",694973,"PIT","FF","4-Seam Fastball",1.7,20,"1167",38.9,"294","0.205","0.347","0.28",29.6,34.7,26.2,"0.2","0.368","0.28",53.3
"Warren, Will",701542,"NYY","FF","4-Seam Fastball",1,11,"1165",41.6,"291","0.216","0.384","0.31",23.2,24.7,21.9,"0.236","0.443","0.342",45.9
"Strider, Spencer",675911,"ATL","FF","4-Seam Fastball",-0.6,-6,"1081",51.2,"290","0.294","0.472","0.374",15.3,13.8,18.1,"0.301","0.533","0.392",43.3
"Smith, Shane",681343,"CWS","FF","4-Seam Fastball",1.8,20,"1089",45,"285","0.192","0.304","0.275",25.3,26,23.6,"0.199","0.344","0.286",39.9
"Priester, Quinn",682990,"MIL","SI","Sinker",0.6,6,"1028",41.7,"284","0.269","0.375","0.334",13.4,13.4,18.5,"0.272","0.387","0.328",41.5
"Rea, Colin",607067,"CHC","FF","4-Seam Fastball",0,0,"1052",41.5,"283","0.283","0.48","0.363",16.9,16.6,17,"0.276","0.492","0.357",49.3
"deGrom, Jacob",594798,"TEX","SL","Slider",1.2,12,"983",37.6,"281","0.201","0.326","0.254",39,30.6,25.9,"0.225","0.358","0.274",38.9
"Bello, Brayan",678394,"BOS","SI","Sinker",0.8,7,"943",35,"280","0.251","0.305","0.337",10.8,14.3,19.1,"0.27","0.361","0.335",39.8
"Verlander, Justin",434378,"SF","FF","4-Seam Fastball",-0.1,-1,"1182",45.3,"280","0.279","0.48","0.375",18.8,15,13.4,"0.293","0.528","0.383",41.5
"Hendricks, Kyle",543294,"LAA","SI","Sinker",-0.8,-8,"987",38.4,"277","0.3","0.482","0.38",9.7,11.9,14.3,"0.27","0.422","0.329",39.6
"Morton, Charlie",450203,"ATL","CU","Curveball",-0.1,-1,"976",38.3,"275","0.228","0.386","0.318",37.9,32.4,23.2,"0.207","0.354","0.292",35.1
"Springs, Jeffrey",605488,"ATH","FF","4-Seam Fastball",-0.6,-7,"1211",42.5,"275","0.265","0.457","0.34",15.4,17.8,14.2,"0.27","0.484","0.357",44.5
"Elder, Bryce",693821,"ATL","SI","Sinker",-0.7,-7,"1058",42.1,"272","0.28","0.477","0.365",15.2,18,22.2,"0.256","0.463","0.344",49.2
"Falter, Bailey",663559,"KC","FF","4-Seam Fastball",0.2,2,"992",50.8,"272","0.253","0.44","0.338",15.8,13.6,12.9,"0.26","0.453","0.341",44.9
"Valdez, Framber",664285,"HOU","CU","Curveball",-0.2,-2,"957",33.1,"271","0.193","0.298","0.273",43.7,44.6,29.9,"0.163","0.24","0.235",39
"Kochanowicz, Jack",686799,"LAA","SI","Sinker",-1,-9,"873",47,"270","0.328","0.457","0.384",14.6,8.5,13.3,"0.297","0.436","0.366",53.7
"Paddack, Chris",663978,"DET","FF","4-Seam Fastball",0.2,2,"1095",42.7,"268","0.263","0.436","0.328",18.6,18.7,13.2,"0.263","0.474","0.337",47.5
"Skubal, Tarik",669373,"DET","CH","Changeup",2.8,25,"895",31.4,"265","0.154","0.227","0.176",46.8,41.5,29.5,"0.166","0.253","0.188",27.8
"Leiter, Jack",683004,"TEX","FF","4-Seam Fastball",1.1,11,"1003",38.8,"265","0.189","0.293","0.288",21.9,25.7,18,"0.215","0.404","0.331",48.7
"Burke, Sean",680732,"CWS","FF","4-Seam Fastball",-0.2,-2,"1023",43.1,"265","0.239","0.385","0.339",24.7,29.1,21.4,"0.204","0.382","0.311",43
"Imanaga, Shota",684007,"CHC","FF","4-Seam Fastball",-0.9,-10,"1059",48.7,"262","0.227","0.567","0.356",15.9,12.2,11.3,"0.247","0.594","0.375",51.2
"Baz, Shane",669358,"TB","FF","4-Seam Fastball",0.4,5,"1194",43.9,"261","0.244","0.406","0.35",23.5,23.8,20.6,"0.236","0.395","0.339",42.9
"Crochet, Garrett",676979,"BOS","FF","4-Seam Fastball",-0.7,-8,"1141",36.2,"261","0.26","0.485","0.361",30.2,37.9,25.8,"0.205","0.417","0.305",50.7
"Sale, Chris",519242,"ATL","SL","Slider",2.4,23,"960",47.3,"257","0.143","0.218","0.191",39.8,44,28.3,"0.148","0.227","0.196",25.2
"Elder, Bryce",693821,"ATL","SL","Slider",0.1,1,"883",35.1,"257","0.259","0.427","0.326",31.8,21.8,20.1,"0.263","0.421","0.318",40.2
"Houser, Adrian",605288,"TB","SI","Sinker",0.7,6,"869",45.9,"256","0.293","0.427","0.35",10.6,12.1,17.4,"0.275","0.414","0.334",52.7
"Sears, JP",676664,"SD","FF","4-Seam Fastball",-1.2,-11,"951",40.2,"256","0.289","0.534","0.386",20.5,22.3,16.3,"0.257","0.493","0.35",46
"Rodón, Carlos",607074,"NYY","SL","Slider",1.3,12,"912",28.4,"250","0.133","0.231","0.219",40.3,39.2,23.9,"0.159","0.256","0.229",35.7
"Irvin, Jake",663623,"WSH","FF","4-Seam Fastball",-1.7,-16,"941",32,"248","0.261","0.514","0.377",17.5,16.5,13.3,"0.295","0.597","0.411",56.2
"Fried, Max",608331,"NYY","FC","Cutter",1.3,12,"872",28,"247","0.236","0.355","0.31",18.6,13.8,15.8,"0.261","0.379","0.318",33.5
"Williams, Gavin",668909,"CLE","FF","4-Seam Fastball",-0.8,-8,"1094",37.4,"247","0.268","0.498","0.383",23.3,18.6,14.5,"0.272","0.521","0.384",50.9
"Quintana, Jose",500779,"MIL","SI","Sinker",-0.3,-3,"956",44,"246","0.264","0.458","0.372",12.1,17.1,16.9,"0.275","0.481","0.371",51.5
"Berríos, José",621244,"TOR","SI","Sinker",0.3,2,"869",33.6,"246","0.252","0.432","0.33",9.4,14.6,21.2,"0.286","0.522","0.377",52.4
"Freeland, Kyle",607536,"COL","FF","4-Seam Fastball",-1.3,-11,"830",33.4,"245","0.339","0.589","0.418",11.6,10.6,12.8,"0.319","0.573","0.397",49.5
"Greene, Hunter",668881,"CIN","FF","4-Seam Fastball",2.2,20,"947",54.2,"245","0.199","0.332","0.263",23,30.2,21.1,"0.205","0.378","0.28",50.3
"Corbin, Patrick",571578,"TEX","SI","Sinker",0.1,1,"748",28.9,"245","0.266","0.407","0.332",12.7,19.2,18.7,"0.289","0.485","0.374",50.9
"Baz, Shane",669358,"TB","CU","Curveball",0,0,"731",26.9,"244","0.214","0.321","0.276",29.5,35.2,26.8,"0.193","0.306","0.249",43.6
"Keller, Mitch",656605,"PIT","FF","4-Seam Fastball",0.2,2,"998",34.8,"242","0.254","0.394","0.329",17.1,18.6,17.3,"0.287","0.448","0.36",41.7
"Luzardo, Jesús",666200,"PHI","FF","4-Seam Fastball",0,0,"1002",33.3,"242","0.269","0.421","0.345",19.8,21.9,17.2,"0.263","0.451","0.346",45.4
"Horton, Cade",690990,"CHC","FF","4-Seam Fastball",1.2,10,"899",50.3,"241","0.258","0.355","0.308",14.7,15.8,19.5,"0.282","0.482","0.357",50.8
"Lord, Brad",695418,"WSH","FF","4-Seam Fastball",-0.3,-3,"1032",48.5,"239","0.273","0.463","0.37",24.2,25.5,17.9,"0.266","0.432","0.35",43.5
"Anderson, Tyler",542881,"LAA","FF","4-Seam Fastball",-0.6,-5,"892",38.1,"239","0.259","0.491","0.373",15.5,12.6,11.7,"0.266","0.555","0.383",43.7
"Webb, Logan",657277,"SF","CH","Changeup",1.3,10,"792",24.1,"238","0.207","0.308","0.253",31.8,34,24.5,"0.225","0.326","0.258",44.5
"Brown, Ben",676962,"CHC","FF","4-Seam Fastball",-1.2,-11,"978",55.6,"237","0.315","0.526","0.406",14.8,14.3,16.6,"0.293","0.566","0.394",51.1
"Heaney, Andrew",571760,"LAD","FF","4-Seam Fastball",-1.2,-11,"907",43.6,"233","0.275","0.545","0.393",17.4,16.3,13.1,"0.288","0.541","0.395",53
"Springs, Jeffrey",605488,"ATH","CH","Changeup",-0.3,-2,"720",25.3,"232","0.218","0.38","0.298",41.3,25.4,18.9,"0.221","0.35","0.266",23.6
"Singer, Brady",663903,"CIN","SL","Slider",1,8,"809",28.4,"231","0.195","0.321","0.254",27.9,22.9,17.5,"0.23","0.365","0.279",35.2
"Kikuchi, Yusei",579328,"LAA","FF","4-Seam Fastball",-1.2,-13,"1081",34.9,"231","0.31","0.498","0.38",21.2,24.2,16,"0.275","0.47","0.342",50.3
"Márquez, Germán",608566,"COL","FF","4-Seam Fastball",-3.3,-24,"737",35.3,"231","0.358","0.642","0.464",9,9.5,11.2,"0.315","0.607","0.427",53.4
"Ober, Bailey",641927,"MIN","FF","4-Seam Fastball",0.1,1,"846",35.9,"231","0.273","0.483","0.346",18.3,14.7,14.8,"0.269","0.54","0.363",46.2
"Kelly, Merrill",518876,"TEX","CH","Changeup",0.9,6,"753",26.6,"230","0.198","0.321","0.272",33.4,27.4,23,"0.223","0.344","0.277",36
"Crochet, Garrett",676979,"BOS","FC","Cutter",1.1,10,"875",27.8,"230","0.25","0.389","0.305",24.2,17.4,21.5,"0.249","0.385","0.297",36
"Skubal, Tarik",669373,"DET","FF","4-Seam Fastball",1.5,12,"835",29.3,"229","0.189","0.316","0.259",28.7,32.8,21.4,"0.201","0.396","0.294",34.8
"Woo, Bryan",693433,"SEA","SI","Sinker",1.2,9,"698",25.7,"229","0.258","0.369","0.304",10.7,14.8,22.5,"0.271","0.408","0.31",48.6
"Bradley, Taj",671737,"MIN","FF","4-Seam Fastball",-0.5,-5,"877",38.6,"227","0.292","0.535","0.411",19.3,13.2,13.7,"0.275","0.474","0.385",47.8
"Kahnle, Tommy",592454,"DET","CH","Changeup",0.4,4,"886",85.6,"225","0.217","0.374","0.301",26.4,18.2,18.5,"0.248","0.42","0.325",37
"Rogers, Tyler",643511,"NYM","SI","Sinker",2.5,18,"729",74.5,"225","0.247","0.302","0.254",12.4,10.2,13.7,"0.266","0.328","0.277",36.1
"Littell, Zack",641793,"CIN","FS","Split-Finger",-0.6,-5,"762",27.3,"225","0.248","0.392","0.29",24.5,19.6,15,"0.238","0.374","0.268",35.4
"Woods Richardson, Simeon",680573,"MIN","FF","4-Seam Fastball",0.2,2,"856",45.6,"225","0.25","0.394","0.345",21.8,22.2,21.5,"0.22","0.433","0.338",46.8
"Hill, Tim",657612,"NYY","SI","Sinker",0.7,5,"739",82.2,"223","0.252","0.367","0.308",14.8,10.8,14.9,"0.253","0.376","0.295",47.3
"May, Dustin",669160,"BOS","SI","Sinker",-1,-7,"728",33.6,"222","0.294","0.567","0.422",10.5,9.9,21.6,"0.329","0.609","0.439",55
"Peterson, David",656849,"NYM","SI","Sinker",0.7,6,"798",29.6,"221","0.306","0.382","0.36",10.6,6.8,14.2,"0.293","0.391","0.354",48
"Brown, Hunter",686613,"HOU","FF","4-Seam Fastball",1.5,16,"1109",37.4,"221","0.178","0.264","0.247",29.8,37.1,22.7,"0.183","0.3","0.256",42.2
"Ginn, J.T.",669372,"ATH","SI","Sinker",0.6,5,"800",50.8,"220","0.245","0.401","0.335",21.5,23.6,23.4,"0.225","0.353","0.305",47.1
"Brown, Ben",676962,"CHC","CU","Curveball",-0.5,-3,"701",39.9,"220","0.252","0.413","0.305",43.1,37.7,27.4,"0.217","0.338","0.263",41.6
"Pérez, Eury",691587,"MIA","FF","4-Seam Fastball",1.2,10,"862",51.5,"218","0.201","0.387","0.299",21.3,22.5,16.3,"0.225","0.429","0.319",52.7
"Pfaadt, Brandon",694297,"AZ","SI","Sinker",0.5,3,"682",23.4,"217","0.296","0.442","0.343",10.7,17.5,21.8,"0.31","0.454","0.345",58
"Alcantara, Sandy",645261,"MIA","SI","Sinker",1.6,12,"739",25.6,"217","0.275","0.397","0.338",12.3,6.5,11.2,"0.3","0.465","0.367",49.2
"Fedde, Erick",607200,"MIL","SI","Sinker",-0.4,-4,"810",34.2,"216","0.304","0.446","0.388",9.8,11.6,13.6,"0.309","0.472","0.386",48.4
"Imanaga, Shota",684007,"CHC","FS","Split-Finger",0.8,6,"683",31.4,"216","0.226","0.368","0.271",32.4,25.5,20.1,"0.217","0.385","0.264",36.3
"Gray, Sonny",543243,"STL","ST","Sweeper",1.3,7,"523",19.2,"216","0.151","0.241","0.183",42.4,51.4,28.2,"0.153","0.259","0.183",37.3
"Kershaw, Clayton",477132,"LAD","SL","Slider",1,7,"731",41.3,"216","0.26","0.391","0.326",27.2,18.1,18,"0.256","0.401","0.32",47.1
"Wacha, Michael",608379,"KC","CH","Changeup",2.6,18,"677",25.4,"216","0.172","0.232","0.218",26.6,20.4,15.8,"0.21","0.329","0.266",25.8
"Rasmussen, Drew",656876,"TB","FF","4-Seam Fastball",1.4,11,"820",35.4,"214","0.235","0.357","0.297",23.3,24.8,19.5,"0.229","0.361","0.29",44.1
"Cecconi, Slade",677944,"CLE","FF","4-Seam Fastball",0,0,"899",43.6,"214","0.289","0.497","0.362",18.4,17.3,15.9,"0.307","0.56","0.389",59.3
"Anderson, Tyler",542881,"LAA","CH","Changeup",0,0,"795",34,"213","0.22","0.387","0.302",38.5,26.3,20.1,"0.223","0.389","0.302",26.3
"Irvin, Jake",663623,"WSH","CU","Curveball",-1.2,-11,"872",29.6,"212","0.269","0.543","0.391",25.2,22.6,17.6,"0.251","0.487","0.339",41.6
"Littell, Zack",641793,"CIN","SL","Slider",-0.6,-4,"768",27.5,"212","0.29","0.549","0.383",19,11.3,17.6,"0.304","0.584","0.4",46.8
"Wheeler, Zack",554430,"PHI","FF","4-Seam Fastball",1.1,11,"981",41,"212","0.205","0.4","0.295",30.5,33.5,25.4,"0.191","0.354","0.272",40.5
"Luzardo, Jesús",666200,"PHI","ST","Sweeper",1.6,15,"933",31,"209","0.178","0.264","0.225",43.7,45.5,29.3,"0.161","0.231","0.199",26.5
"Pepiot, Ryan",686752,"TB","CH","Changeup",0.6,4,"675",25,"209","0.2","0.345","0.256",30.1,30.6,20.6,"0.215","0.358","0.264",39.1
"Dollander, Chase",801403,"COL","FF","4-Seam Fastball",-1.3,-11,"865",48.7,"209","0.286","0.548","0.426",19.9,17.7,14.9,"0.253","0.508","0.39",46.3
"May, Dustin",669160,"BOS","ST","Sweeper",0.3,3,"853",39.3,"208","0.239","0.335","0.274",27,32.7,23.2,"0.214","0.327","0.257",34.4
"Yamamoto, Yoshinobu",808967,"LAD","FS","Split-Finger",1.4,10,"710",25.5,"207","0.132","0.239","0.188",42.1,43,25.6,"0.14","0.219","0.18",41.7
"Patrick, Chad",694477,"MIL","FC","Cutter",0.4,3,"829",41.2,"207","0.259","0.443","0.332",27.2,25.6,21.3,"0.245","0.436","0.323",39.7
"Boyd, Matthew",571510,"CHC","CH","Changeup",1.4,9,"650",23.7,"206","0.205","0.337","0.281",32.3,22.3,19.9,"0.201","0.356","0.27",31
"Ferrer, Jose A.",678606,"WSH","SI","Sinker",1,8,"747",61.8,"206","0.288","0.391","0.333",16.1,12.6,17.8,"0.275","0.385","0.319",44.5
"Allen, Logan",671106,"CLE","FF","4-Seam Fastball",-0.5,-4,"910",33.6,"205","0.282","0.469","0.375",21.7,18,15.3,"0.254","0.428","0.345",43.7
"Mize, Casey",663554,"DET","FF","4-Seam Fastball",-0.3,-2,"790",33.6,"203","0.254","0.425","0.324",20.6,21.2,18.7,"0.241","0.456","0.327",52.5
"Lauer, Eric",641778,"TOR","FF","4-Seam Fastball",1.1,9,"782",46.5,"202","0.194","0.366","0.263",20.6,24.8,18.2,"0.217","0.406","0.287",41.8
"Castillo, Luis",622491,"SEA","SI","Sinker",-0.1,-1,"653",21.9,"202","0.31","0.44","0.357",10.7,8.9,13.7,"0.31","0.456","0.365",50.9
"Smith, Cade",671922,"CLE","FF","4-Seam Fastball",1.9,16,"826",69.9,"201","0.17","0.302","0.247",32.2,37.3,32.2,"0.18","0.293","0.246",37.6
"Pallante, Andre",669467,"STL","SL","Slider",0.5,4,"774",28.5,"200","0.201","0.333","0.288",33.9,21.5,16.5,"0.227","0.343","0.296",38.3
"Santillan, Tony",663574,"CIN","FF","4-Seam Fastball",1.1,9,"799",65,"200","0.182","0.318","0.285",21.9,22.5,17.2,"0.259","0.441","0.346",49.6
"Webb, Logan",657277,"SF","ST","Sweeper",-0.2,-2,"873",26.6,"198","0.286","0.401","0.337",29,25.8,20.9,"0.257","0.437","0.318",32.1
"Yamamoto, Yoshinobu",808967,"LAD","FF","4-Seam Fastball",2,19,"982",35.2,"198","0.187","0.257","0.263",19.2,27.8,22.7,"0.209","0.332","0.291",50
"Holmes, Grant",656550,"ATL","SL","Slider",1.3,9,"698",35.5,"198","0.188","0.271","0.233",42.2,33.8,25.6,"0.2","0.339","0.263",42.7
"Wentz, Joey",666214,"ATL","FF","4-Seam Fastball",-0.6,-4,"800",44.1,"196","0.282","0.436","0.373",17.9,16.3,14.1,"0.279","0.484","0.388",49.3
"Sale, Chris",519242,"ATL","FF","4-Seam Fastball",-0.5,-4,"852",41.9,"195","0.32","0.503","0.395",21.3,23.1,20.3,"0.275","0.433","0.35",45.2
"Ober, Bailey",641927,"MIN","CH","Changeup",0.5,4,"681",28.9,"195","0.216","0.351","0.263",29.5,26.2,17.3,"0.203","0.329","0.248",24.4
"Roupp, Landen",694738,"SF","SI","Sinker",-0.7,-6,"738",39.9,"194","0.355","0.479","0.416",10.5,13.4,20.2,"0.304","0.459","0.369",45.5
"Vargas, Carlos",672841,"SEA","SI","Sinker",0.8,6,"694",63.4,"193","0.282","0.351","0.342",15.4,11.4,21.4,"0.265","0.366","0.313",37.9
"Irvin, Jake",663623,"WSH","SI","Sinker",0.8,5,"653",22.2,"193","0.29","0.375","0.348",10.4,10.4,16.9,"0.275","0.443","0.342",41
"Gallen, Zac",668678,"AZ","CU","Curveball",-0.6,-4,"736",23.5,"193","0.219","0.438","0.325",38.9,40.4,27.1,"0.187","0.333","0.26",44.6
"Kinley, Tyler",641755,"ATL","SL","Slider",1.5,12,"788",64.3,"192","0.194","0.297","0.257",33.3,21.9,19.4,"0.225","0.372","0.29",25.9
"Suárez, Ranger",624133,"PHI","SI","Sinker",0.3,2,"693",28.5,"192","0.31","0.402","0.345",7.4,18.2,21,"0.265","0.38","0.316",44.3
"Strider, Spencer",675911,"ATL","SL","Slider",-0.4,-3,"744",35.3,"192","0.225","0.428","0.314",48.3,38.5,28,"0.203","0.363","0.282",48
"Gilbert, Logan",669302,"SEA","FF","4-Seam Fastball",0.9,7,"791",36.7,"191","0.24","0.398","0.317",20.4,15.7,18.9,"0.251","0.433","0.328",51
"Corbin, Patrick",571578,"TEX","SL","Slider",-0.9,-8,"867",33.5,"191","0.264","0.445","0.317",39.3,25.7,16.6,"0.248","0.407","0.295",37
"Severino, Luis",622663,"ATH","SI","Sinker",0.4,2,"551",20.2,"189","0.251","0.389","0.336",10.2,12.7,17.6,"0.258","0.376","0.32",39.6
"Priester, Quinn",682990,"MIL","SL","Slider",0.2,1,"671",27.2,"189","0.216","0.42","0.304",35,22.8,17.2,"0.197","0.341","0.261",35.1
"Bibee, Tanner",676440,"CLE","FF","4-Seam Fastball",-0.2,-2,"827",27.9,"188","0.301","0.497","0.372",13.2,12.2,11.3,"0.296","0.522","0.374",46.4
"Morejon, Adrian",670970,"SD","SI","Sinker",2.5,16,"616",61.7,"188","0.218","0.241","0.247",15.4,18.6,23.2,"0.234","0.296","0.267",31.7
"Gusto, Ryan",687473,"MIA","FF","4-Seam Fastball",0.3,2,"769",43.7,"187","0.217","0.385","0.322",27.6,28.3,19.7,"0.207","0.379","0.305",48.2
"Liberatore, Matthew",669461,"STL","FF","4-Seam Fastball",-0.3,-2,"673",28.2,"186","0.291","0.5","0.368",12.4,12.9,13.5,"0.296","0.54","0.373",44.4
"Hicks, Jordan",663855,"BOS","SI","Sinker",-0.4,-3,"653",54.5,"186","0.297","0.418","0.376",9.1,12.4,18.4,"0.276","0.379","0.338",47.8
"Williams, Trevor",592866,"WSH","FF","4-Seam Fastball",-1.2,-7,"617",42.6,"186","0.345","0.556","0.41",15,17.2,16.4,"0.286","0.454","0.345",46.5
"Freeland, Kyle",607536,"COL","CU","Curveball",0.8,5,"648",26.1,"184","0.183","0.237","0.232",37.1,31,20.3,"0.197","0.281","0.243",44.2
"Ray, Robbie",592662,"SF","SL","Slider",0.6,4,"692",22.5,"182","0.206","0.382","0.281",29.1,24.2,19.1,"0.211","0.362","0.27",51.2
"Gore, MacKenzie",669022,"WSH","CU","Curveball",0.1,1,"675",24,"181","0.217","0.312","0.287",35.7,38.1,22.5,"0.205","0.354","0.294",45.6
"Brown, Hunter",686613,"HOU","SI","Sinker",0.9,6,"672",22.7,"181","0.268","0.369","0.334",17.7,12.7,19.3,"0.253","0.336","0.31",19.9
"Verlander, Justin",434378,"SF","SL","Slider",-0.6,-4,"607",23.3,"181","0.266","0.432","0.331",31.7,28.2,19,"0.216","0.359","0.271",36.1
"Paddack, Chris",663978,"DET","CH","Changeup",-1.3,-8,"602",23.5,"180","0.263","0.491","0.346",25.4,16.7,13.7,"0.26","0.472","0.339",46.8
"Fedde, Erick",607200,"MIL","FC","Cutter",-1.3,-9,"663",28,"180","0.315","0.57","0.4",20.8,14.4,14.9,"0.267","0.5","0.347",42.3
"Eovaldi, Nathan",543135,"TEX","FS","Split-Finger",1.8,11,"603",31.4,"180","0.196","0.298","0.241",36,31.1,26.4,"0.22","0.332","0.264",40.7
"Johnson, Pierce",572955,"ATL","CU","Curveball",0.3,2,"698",72.1,"179","0.238","0.417","0.293",27.4,24,19.3,"0.231","0.417","0.293",46.1
"Mize, Casey",663554,"DET","FS","Split-Finger",-1.9,-11,"569",24.2,"178","0.297","0.494","0.371",33.2,28.7,22,"0.249","0.418","0.298",41.3
"Bubic, Kris",663460,"KC","FF","4-Seam Fastball",0.7,5,"684",38.1,"178","0.241","0.37","0.312",27.2,25.3,24.1,"0.223","0.356","0.288",35.9
"Crochet, Garrett",676979,"BOS","ST","Sweeper",3,15,"503",16,"177","0.126","0.207","0.152",40.8,50.3,29.7,"0.133","0.199","0.152",25.9
"Flaherty, Jack",656427,"DET","CU","Curveball",-0.3,-2,"718",25.4,"177","0.205","0.38","0.281",42.3,40.7,24.2,"0.177","0.301","0.234",35.1
"Estrada, Jeremiah",669093,"SD","FF","4-Seam Fastball",0.3,2,"702",56.8,"177","0.248","0.438","0.337",29.1,31.1,23.9,"0.206","0.38","0.297",44.7
"Wacha, Michael",608379,"KC","FF","4-Seam Fastball",0.5,3,"719",27,"177","0.267","0.379","0.324",17.1,22.6,19.1,"0.252","0.413","0.321",41.3
"Sugano, Tomoyuki",608372,"BAL","FS","Split-Finger",0.3,2,"602",23.5,"177","0.218","0.324","0.258",28.4,28.2,21.7,"0.248","0.398","0.293",27.5
"Vasil, Mike",678024,"CWS","SI","Sinker",1.1,7,"657",39.9,"177","0.238","0.344","0.326",14.6,12.4,19.6,"0.245","0.382","0.332",34.9
"Jansen, Kenley",445276,"LAA","FC","Cutter",1.8,13,"707",81.4,"176","0.164","0.302","0.255",25.2,21,22.3,"0.217","0.453","0.316",46.8
"Severino, Luis",622663,"ATH","FF","4-Seam Fastball",-0.2,-2,"771",28.2,"176","0.278","0.432","0.33",21.8,22.2,15.4,"0.292","0.484","0.357",55.6
"Severino, Luis",622663,"ATH","ST","Sweeper",0,0,"678",24.8,"176","0.186","0.321","0.271",22.6,27.8,18.1,"0.206","0.357","0.291",35.8
"Povich, Cade",700249,"BAL","FF","4-Seam Fastball",0.2,2,"713",36.2,"175","0.261","0.438","0.347",19.3,22.9,22.3,"0.284","0.579","0.404",52.2
"Mejia, Juan",675848,"COL","FF","4-Seam Fastball",0.6,5,"722",67.2,"175","0.219","0.322","0.315",28.6,22.9,20.1,"0.187","0.266","0.277",32.4
"King, Bryan",687911,"HOU","FF","4-Seam Fastball",0.4,3,"655",62.6,"174","0.23","0.4","0.303",24.1,25.3,22,"0.227","0.383","0.283",34.4
"Hanifee, Brenan",669724,"DET","SI","Sinker",-0.2,-1,"592",62.6,"174","0.278","0.42","0.357",10.9,10.9,16.8,"0.278","0.438","0.329",45.1
"Francis, Bowden",670102,"TOR","FF","4-Seam Fastball",-0.6,-4,"639",56,"174","0.282","0.5","0.364",15.1,14.4,14,"0.279","0.468","0.353",54.5
"Rasmussen, Drew",656876,"TB","FC","Cutter",1.9,14,"729",31.5,"174","0.174","0.317","0.239",26.8,19,14.9,"0.221","0.358","0.274",42.3
"Alcantara, Sandy",645261,"MIA","CH","Changeup",0.1,1,"670",23.2,"173","0.223","0.318","0.279",28,19.1,14.9,"0.227","0.318","0.278",29.6
"Cantillo, Joey",676282,"CLE","FF","4-Seam Fastball",-0.5,-3,"687",42,"173","0.238","0.463","0.367",14.9,20.2,21.9,"0.275","0.519","0.39",57.1
"Matz, Steven",571927,"BOS","SI","Sinker",1.2,8,"677",58.4,"173","0.264","0.393","0.312",16.4,19.1,18,"0.247","0.4","0.298",44.3
"Senga, Kodai",673540,"NYM","FS","Split-Finger",1.4,8,"540",28.4,"172","0.131","0.19","0.212",41.4,40.7,24.6,"0.143","0.207","0.211",21.7
"Hancock, Emerson",676106,"SEA","SI","Sinker",-0.2,-1,"557",39.1,"172","0.295","0.436","0.369",9.8,7.6,13.3,"0.311","0.452","0.376",47.4
"Martin, Davis",663436,"CWS","CH","Changeup",0.1,0,"559",24.2,"172","0.23","0.321","0.29",18.2,15.7,14.3,"0.311","0.429","0.335",53.6
"Suarez, Robert",663158,"SD","FF","4-Seam Fastball",2.2,15,"682",63.4,"171","0.155","0.239","0.218",24,30.4,23,"0.211","0.382","0.288",45.7
"Gordon, Tanner",685299,"COL","FF","4-Seam Fastball",-0.9,-6,"657",52.8,"171","0.297","0.516","0.386",14.1,22.2,20.4,"0.29","0.551","0.382",52.5
"Junk, Janson",676083,"MIA","FF","4-Seam Fastball",0.1,1,"611",37.7,"170","0.28","0.452","0.334",14.6,17.6,14.7,"0.271","0.456","0.328",53.4
"Lodolo, Nick",666157,"CIN","CU","Curveball",0.2,1,"711",28.7,"170","0.195","0.325","0.262",40.3,38.2,22.3,"0.138","0.257","0.212",33
"Flaherty, Jack",656427,"DET","SL","Slider",0.1,1,"669",23.6,"170","0.23","0.349","0.306",29.5,24.7,19.7,"0.232","0.373","0.302",45
"Gilbert, Logan",669302,"SEA","SL","Slider",-0.2,-1,"760",35.3,"170","0.255","0.51","0.354",34.5,22.9,19.9,"0.251","0.484","0.337",37
"Weaver, Luke",596133,"NYY","FF","4-Seam Fastball",0.5,3,"621",59.2,"169","0.219","0.424","0.312",24.5,26,23.9,"0.201","0.375","0.285",45.5
"Gray, Sonny",543243,"STL","SI","Sinker",0.1,1,"490",18,"169","0.277","0.477","0.357",14.6,26.6,28.1,"0.241","0.401","0.306",43.2
"Peterson, David",656849,"NYM","SL","Slider",0.1,0,"516",19.1,"169","0.228","0.37","0.284",38,40.2,28.7,"0.226","0.387","0.279",51.1
"Latz, Jacob",656641,"TEX","FF","4-Seam Fastball",1.6,11,"685",49.4,"169","0.193","0.327","0.272",23.8,21.9,16.1,"0.249","0.434","0.332",52.6
"Taillon, Jameson",592791,"CHC","FF","4-Seam Fastball",0.3,3,"751",37.9,"168","0.214","0.461","0.316",17.7,16.1,12.5,"0.268","0.521","0.363",51.2
"Márquez, Germán",608566,"COL","CU","Curveball",-0.9,-6,"659",31.6,"168","0.208","0.421","0.32",36.8,33.9,20.6,"0.215","0.385","0.278",44.1
"Roupp, Landen",694738,"SF","CU","Curveball",0.1,1,"660",35.7,"168","0.197","0.354","0.291",35.8,29.2,23.7,"0.186","0.32","0.272",19.8
"Pagán, Emilio",641941,"CIN","FF","4-Seam Fastball",1.3,9,"654",61.2,"167","0.171","0.336","0.272",24.6,25.7,21.1,"0.169","0.366","0.28",43.8
"Corbin, Patrick",571578,"TEX","FC","Cutter",0.9,6,"646",25,"166","0.259","0.442","0.342",23.4,15.7,18.8,"0.265","0.423","0.342",36.9
"Cabrera, Edward",665795,"MIA","CH","Changeup",0.8,5,"580",25.8,"166","0.203","0.266","0.249",27.3,28.9,23,"0.238","0.313","0.266",44.5
"Warren, Will",701542,"NYY","SI","Sinker",0.9,5,"588",21,"166","0.263","0.368","0.323",13.6,19.3,29.6,"0.263","0.391","0.315",52.9
"Spence, Mitch",687765,"ATH","FC","Cutter",-0.8,-5,"612",45.2,"166","0.318","0.534","0.416",19.7,12,15.2,"0.306","0.544","0.392",48.5
"Berríos, José",621244,"TOR","SV","Slurve",-0.8,-5,"671",26,"165","0.232","0.411","0.323",33.3,27.3,20.3,"0.239","0.412","0.313",34.9
"Schlittler, Cam",693645,"NYY","FF","4-Seam Fastball",1.4,9,"700",55.9,"165","0.173","0.273","0.273",27.9,31.5,23.1,"0.208","0.358","0.313",47.1
"Okert, Steven",595345,"HOU","SL","Slider",2.4,14,"608",57.8,"165","0.147","0.263","0.188",40.7,38.8,30.9,"0.159","0.287","0.206",29.2
"Keller, Mitch",656605,"PIT","ST","Sweeper",0.6,3,"547",19.1,"165","0.219","0.369","0.27",27,29.7,20.2,"0.214","0.416","0.278",45.9
"Harris, Hogan",663687,"ATH","FF","4-Seam Fastball",-0.2,-1,"638",56.7,"165","0.277","0.394","0.355",22.4,23,18.4,"0.27","0.394","0.348",39.2
"Ashcraft, Graham",668933,"CIN","FC","Cutter",-1.3,-8,"562",54.1,"164","0.328","0.438","0.401",18.2,10.4,15.3,"0.31","0.442","0.379",34.7
"Walker, Ryan",676254,"SF","SI","Sinker",0.8,5,"636",62.5,"164","0.282","0.349","0.317",17.1,22.6,21.6,"0.271","0.361","0.311",40.7
"Allen, Logan",671106,"CLE","ST","Sweeper",-1,-6,"631",23.3,"163","0.21","0.371","0.309",26.8,28.8,20,"0.18","0.348","0.276",31.6
"Soroka, Michael",647336,"CHC","FF","4-Seam Fastball",-0.4,-3,"690",45.2,"162","0.273","0.524","0.385",20.4,20.4,18,"0.25","0.466","0.349",47.3
"Abreu, Bryan",650556,"HOU","SL","Slider",1.8,10,"576",48.4,"162","0.193","0.29","0.276",46.1,37.7,34.1,"0.212","0.339","0.28",42.4
"Kremer, Dean",665152,"BAL","FF","4-Seam Fastball",-0.3,-2,"713",26.5,"162","0.278","0.486","0.361",15.9,13.6,11.2,"0.268","0.493","0.357",50.8
"Mlodzinski, Carmen",669387,"PIT","FF","4-Seam Fastball",0.2,1,"594",36.1,"162","0.241","0.401","0.336",17.9,17.9,16,"0.234","0.391","0.329",43.6
"Pivetta, Nick",601713,"SD","CU","Curveball",0.8,5,"638",22.4,"161","0.216","0.353","0.275",16.2,21.1,16.4,"0.279","0.488","0.342",43.3
"Liberatore, Matthew",669461,"STL","SL","Slider",0.4,2,"488",20.5,"161","0.252","0.351","0.288",31.4,30.4,21.9,"0.248","0.381","0.294",35.6
"Lodolo, Nick",666157,"CIN","SI","Sinker",-0.2,-1,"540",21.8,"161","0.336","0.486","0.399",13.4,9.9,14,"0.312","0.49","0.387",46.4
"Mikolas, Miles",571945,"STL","FF","4-Seam Fastball",-0.8,-6,"700",28.2,"161","0.307","0.627","0.413",17.9,12.4,10.1,"0.282","0.644","0.407",50.8
"Kremer, Dean",665152,"BAL","FS","Split-Finger",0.6,3,"567",21.1,"160","0.206","0.329","0.245",39.2,31.9,20.6,"0.183","0.29","0.218",24
"Scherzer, Max",453286,"TOR","FF","4-Seam Fastball",0.5,4,"674",48.5,"160","0.248","0.49","0.343",18.9,19.4,20.4,"0.245","0.545","0.359",42.6
"Martinez, Nick",607259,"CIN","FC","Cutter",0.4,2,"545",21.1,"159","0.261","0.47","0.359",19.2,13.2,19.1,"0.295","0.476","0.376",34.2
"Kirby, George",669923,"SEA","SI","Sinker",-0.7,-4,"559",26.8,"159","0.309","0.496","0.383",11.5,17,22,"0.292","0.447","0.357",42.6
"Burrows, Mike",681347,"PIT","FF","4-Seam Fastball",-1,-6,"603",39.2,"158","0.326","0.529","0.391",16.8,12.7,15.5,"0.298","0.54","0.388",49.2
"Manaea, Sean",640455,"NYM","FF","4-Seam Fastball",0.5,3,"658",60.1,"158","0.264","0.446","0.332",23.3,27.2,18.9,"0.245","0.419","0.306",43.4
"Gordon, Colton",676467,"HOU","FF","4-Seam Fastball",-1.7,-10,"595",41,"158","0.298","0.645","0.418",15.7,20.3,17.4,"0.297","0.582","0.394",47.8
"Hurter, Brant",676428,"DET","SI","Sinker",0.6,3,"553",52.6,"158","0.279","0.357","0.359",13.8,13.9,19.5,"0.27","0.397","0.354",42.7
"Rasmussen, Drew",656876,"TB","SI","Sinker",0.8,4,"527",22.8,"158","0.226","0.315","0.288",13.2,19.6,17.7,"0.258","0.382","0.308",40
"Pomeranz, Drew",519141,"CHC","FF","4-Seam Fastball",1.6,10,"614",76.8,"157","0.207","0.286","0.266",24.1,24.8,22.5,"0.233","0.389","0.309",42.7
"Martin, Davis",663436,"CWS","FF","4-Seam Fastball",0.2,1,"755",32.7,"157","0.228","0.397","0.321",21.5,21.7,14.9,"0.232","0.444","0.332",41.3
"Doval, Camilo",666808,"NYY","SL","Slider",1,5,"529",48,"156","0.2","0.279","0.264",41.1,37.8,28.2,"0.19","0.271","0.25",35.8
"Allen, Logan",671106,"CLE","CH","Changeup",-1.1,-6,"498",18.4,"156","0.283","0.408","0.313",18.2,13.5,10.7,"0.271","0.436","0.31",37.1
"Williams, Gavin",668909,"CLE","CU","Curveball",0.9,6,"644",22,"156","0.116","0.181","0.201",34.4,37.2,18.9,"0.171","0.256","0.239",33.3
"Littell, Zack",641793,"CIN","FF","4-Seam Fastball",0.4,3,"663",23.8,"155","0.201","0.438","0.29",22.5,27.1,21.4,"0.216","0.455","0.307",47.6
"Skubal, Tarik",669373,"DET","SI","Sinker",1.3,9,"681",23.9,"155","0.289","0.456","0.333",18.3,20,27.9,"0.271","0.437","0.316",37.8
"Uribe, Abner",682842,"MIL","SI","Sinker",1.5,9,"603",51.8,"155","0.248","0.307","0.302",20.1,14.8,20.7,"0.273","0.381","0.326",42.2
"Mikolas, Miles",571945,"STL","SL","Slider",-0.2,-1,"580",23.4,"155","0.25","0.472","0.329",17.8,11,13.9,"0.287","0.536","0.367",38.5
"Pfaadt, Brandon",694297,"AZ","FF","4-Seam Fastball",-0.3,-2,"683",23.4,"155","0.263","0.453","0.339",20.6,19.4,14.5,"0.313","0.661","0.428",54.5
"Lodolo, Nick",666157,"CIN","FF","4-Seam Fastball",-0.3,-2,"689",27.8,"155","0.209","0.418","0.273",24.9,35.5,21.5,"0.214","0.419","0.27",49.5
"Rodón, Carlos",607074,"NYY","CH","Changeup",1.2,6,"519",16.2,"155","0.197","0.286","0.233",35,22.6,18.1,"0.219","0.331","0.258",36.8
"Luzardo, Jesús",666200,"PHI","CH","Changeup",1.2,6,"521",17.3,"155","0.224","0.315","0.278",36.2,20.6,19,"0.24","0.346","0.287",27
"Lodolo, Nick",666157,"CIN","CH","Changeup",1.3,7,"538",21.7,"154","0.201","0.326","0.269",27.5,12.3,15.8,"0.257","0.401","0.304",33.1
"Dreyer, Jack",676263,"LAD","SL","Slider",1.9,10,"529",46.2,"154","0.193","0.269","0.224",30.1,27.9,22.4,"0.186","0.279","0.221",39
"Miller, Bryce",682243,"SEA","FF","4-Seam Fastball",-1.2,-8,"631",40.9,"154","0.237","0.556","0.368",23,18.2,15.7,"0.247","0.509","0.357",45.5
"Abbott, Andrew",671096,"CIN","CH","Changeup",0.7,3,"526",19.6,"154","0.215","0.349","0.274",25.2,16.9,16.1,"0.258","0.432","0.307",22.8
"Lopez, Jacob",682052,"ATH","SL","Slider",1.1,6,"509",30.6,"153","0.201","0.324","0.272",32.7,30.7,21.8,"0.194","0.299","0.253",28
"Kirby, George",669923,"SEA","FF","4-Seam Fastball",1.1,7,"601",28.8,"153","0.188","0.341","0.272",30.7,33.3,23.3,"0.21","0.374","0.292",42.5
"Burke, Sean",680732,"CWS","SL","Slider",-1.3,-7,"520",21.9,"153","0.264","0.543","0.381",26.4,14.4,16.3,"0.285","0.562","0.376",43.3
"Rogers, Trevor",669432,"BAL","FF","4-Seam Fastball",2.4,16,"662",40.7,"153","0.158","0.252","0.222",24.2,29.4,23.4,"0.197","0.375","0.276",47.9
"Civale, Aaron",650644,"CHC","FC","Cutter",-0.3,-2,"611",35,"153","0.252","0.467","0.358",24.9,21.6,18.9,"0.241","0.444","0.334",40.8
"Leasure, Jordan",673929,"CWS","FF","4-Seam Fastball",-1.1,-6,"605",53.5,"152","0.227","0.485","0.352",25.6,29.6,22.2,"0.202","0.401","0.308",45.5
"Giolito, Lucas",608337,"BOS","SL","Slider",0.2,1,"606",25.6,"152","0.234","0.333","0.276",32.1,25.7,20.2,"0.252","0.413","0.31",35.6
"Gray, Sonny",543243,"STL","FF","4-Seam Fastball",-0.6,-4,"589",21.7,"151","0.376","0.594","0.446",19.1,4.6,11.7,"0.356","0.578","0.431",40.9
"Peralta, Freddy",642547,"MIL","CH","Changeup",1.3,9,"655",21.2,"150","0.173","0.271","0.25",35.2,25.3,20.9,"0.192","0.304","0.268",32.3
"Fedde, Erick",607200,"MIL","ST","Sweeper",-0.4,-2,"615",26,"150","0.191","0.344","0.288",26,18.7,13.2,"0.224","0.423","0.322",36.2
"Stanek, Ryne",592773,"NYM","FF","4-Seam Fastball",0.3,2,"607",57.1,"150","0.268","0.394","0.351",24.4,21.3,16.6,"0.261","0.457","0.361",44.8
"Leiter, Jack",683004,"TEX","SL","Slider",0.3,2,"602",23.3,"150","0.239","0.399","0.313",26.3,17.3,15.1,"0.224","0.4","0.299",35.7
"Wilson, Steven",621051,"CWS","ST","Sweeper",0.9,5,"568",58.3,"149","0.215","0.338","0.28",26.6,17.4,16.6,"0.237","0.391","0.308",27.3
"Vásquez, Randy",681190,"SD","FC","Cutter",-1,-5,"535",24.9,"149","0.268","0.447","0.365",17.7,11.4,13.2,"0.261","0.493","0.377",29.6
"Martin, Davis",663436,"CWS","FC","Cutter",-0.8,-4,"534",23.1,"149","0.218","0.459","0.338",30.2,22.1,21,"0.219","0.447","0.321",31.7
"Palencia, Daniel",694037,"CHC","FF","4-Seam Fastball",0.9,5,"595",70.7,"148","0.216","0.366","0.293",22.9,25.7,21.8,"0.233","0.392","0.302",55.7
"Morton, Charlie",450203,"ATL","FF","4-Seam Fastball",-1.9,-14,"704",27.6,"148","0.262","0.533","0.387",21.2,22.3,13.7,"0.223","0.439","0.341",50
"Koenig, Jared",657649,"MIL","SI","Sinker",1.5,9,"590",56.6,"147","0.206","0.298","0.269",19.3,26.5,21.9,"0.189","0.306","0.257",37.2
"Díaz, Edwin",621242,"NYM","SL","Slider",1.7,9,"505",47.3,"147","0.179","0.269","0.244",44,40.1,32.2,"0.158","0.238","0.216",34.7
"Alcantara, Sandy",645261,"MIA","FF","4-Seam Fastball",-1,-5,"505",17.5,"147","0.233","0.457","0.336",17.1,29.9,16.1,"0.228","0.44","0.329",60.9
"Kremer, Dean",665152,"BAL","FC","Cutter",0.1,1,"543",20.2,"147","0.219","0.394","0.296",24.2,19.7,19,"0.217","0.387","0.287",30.6
"Mikolas, Miles",571945,"STL","SI","Sinker",-1,-4,"408",16.5,"147","0.276","0.455","0.355",10.6,18.4,18.5,"0.268","0.457","0.339",42.6
"Fried, Max",608331,"NYY","SI","Sinker",0.7,4,"551",17.7,"147","0.254","0.373","0.34",24.8,17.7,23.9,"0.23","0.335","0.285",50
"Mahle, Tyler",641816,"TEX","FF","4-Seam Fastball",0.5,3,"684",49.5,"146","0.211","0.344","0.295",23.5,23.3,14.7,"0.244","0.453","0.343",48.9
"Alexander, Jason",669920,"HOU","SI","Sinker",-0.1,-1,"501",40,"146","0.336","0.458","0.413",5.3,3.4,9.1,"0.351","0.501","0.401",51.6
"Estévez, Carlos",608032,"KC","FF","4-Seam Fastball",1.2,7,"558",53.5,"146","0.202","0.364","0.289",19.2,24.7,18.9,"0.221","0.445","0.323",44.7
"Soriano, José",667755,"LAA","CU","Curveball",0.1,1,"741",26.6,"146","0.182","0.333","0.28",43.2,37.7,27,"0.168","0.295","0.242",25.6
"Greene, Hunter",668881,"CIN","SL","Slider",0.7,5,"611",35,"145","0.156","0.37","0.256",46.9,37.2,23.4,"0.175","0.344","0.256",33.3
"Senga, Kodai",673540,"NYM","FF","4-Seam Fastball",-0.9,-5,"599",31.5,"145","0.279","0.543","0.391",19.9,20.7,19.9,"0.263","0.488","0.358",55.6
"Chivilli, Angel",683409,"COL","FF","4-Seam Fastball",-3.1,-15,"469",45.9,"145","0.366","0.585","0.459",11,6.2,9.7,"0.338","0.573","0.435",57
"Cameron, Noah",702070,"KC","FF","4-Seam Fastball",-0.3,-2,"571",26.4,"145","0.233","0.473","0.353",12.6,9,9.8,"0.286","0.55","0.391",44.8
"Pfaadt, Brandon",694297,"AZ","ST","Sweeper",-1.7,-9,"544",18.6,"145","0.284","0.537","0.37",33.2,28.3,18.6,"0.254","0.463","0.327",35.8
"Rodriguez, Eduardo",593958,"AZ","CH","Changeup",-1.9,-10,"529",20.4,"145","0.306","0.485","0.364",28.7,14.5,16.3,"0.274","0.405","0.318",22.6
"Sterner, Justin",686993,"ATH","FF","4-Seam Fastball",1,6,"570",52.2,"144","0.171","0.35","0.292",24.7,21.5,16.6,"0.199","0.413","0.312",42.6
"Parker, Mitchell",680730,"WSH","CU","Curveball",-1.4,-9,"594",22,"144","0.296","0.504","0.365",29,19.4,16.2,"0.311","0.509","0.366",48.1
"Schwellenbach, Spencer",680885,"ATL","FF","4-Seam Fastball",1.8,10,"556",35.3,"144","0.217","0.341","0.261",27.1,23.6,21.4,"0.279","0.464","0.328",56.2
"Martinez, Nick",607259,"CIN","FF","4-Seam Fastball",-1.1,-6,"525",20.4,"143","0.313","0.534","0.373",11.2,15.4,12.6,"0.3","0.512","0.363",47.8
"Bibee, Tanner",676440,"CLE","SI","Sinker",-0.4,-2,"450",15.2,"143","0.285","0.415","0.348",10.4,19.6,22.4,"0.209","0.309","0.267",36.3
"Lee, Dylan",669276,"ATL","SL","Slider",1.7,10,"612",55.5,"143","0.164","0.358","0.252",41.9,32.2,22.9,"0.178","0.335","0.243",30.3
"Suárez, Ranger",624133,"PHI","CH","Changeup",1.2,6,"464",19.1,"143","0.203","0.268","0.23",33,25.2,18.1,"0.207","0.316","0.242",22.5
"Berríos, José",621244,"TOR","CH","Changeup",0,0,"433",16.8,"142","0.22","0.409","0.304",34.8,28.9,23.8,"0.21","0.399","0.288",31.9
"Little, Brendon",663893,"TOR","CU","Curveball",1.3,7,"570",46,"141","0.145","0.185","0.211",55.6,53.2,27.2,"0.127","0.196","0.208",48.1
"Gilbert, Logan",669302,"SEA","FS","Split-Finger",0.8,3,"423",19.6,"141","0.119","0.2","0.172",50.4,63.8,27.5,"0.099","0.164","0.142",26.7
"Giolito, Lucas",608337,"BOS","CH","Changeup",0,0,"534",22.6,"141","0.194","0.411","0.293",26.7,22.7,19.3,"0.214","0.42","0.302",29.6
"Williams, Devin",642207,"NYY","CH","Changeup",1.3,7,"584",52.4,"141","0.194","0.341","0.273",37.3,31.2,21.4,"0.208","0.352","0.279",29.9
"Vest, Will",676684,"DET","FF","4-Seam Fastball",0.5,3,"596",52.4,"140","0.248","0.368","0.308",22.7,28.6,20.3,"0.25","0.382","0.314",55.8
"Glasnow, Tyler",607192,"LAD","FF","4-Seam Fastball",0.8,4,"537",36.3,"140","0.207","0.405","0.336",18.3,16.4,19.5,"0.213","0.362","0.323",38.7
"Peralta, Wandy",593974,"SD","SI","Sinker",0.6,3,"496",43.6,"140","0.246","0.339","0.338",17.8,15.7,19.6,"0.286","0.436","0.359",43.4
"Blalock, Bradley",687134,"COL","FF","4-Seam Fastball",-4.2,-20,"480",46.5,"140","0.379","0.702","0.481",8.8,6.4,7.3,"0.352","0.711","0.47",52.6
"Uceta, Edwin",670955,"TB","CH","Changeup",1,5,"472",38.9,"140","0.216","0.344","0.281",36,31.4,26.2,"0.244","0.412","0.319",38.1
"Gaddis, Hunter",683769,"CLE","SL","Slider",1.5,9,"563",53.7,"140","0.225","0.302","0.254",36,31.4,22.4,"0.228","0.354","0.286",38.6
"Brown, Hunter",686613,"HOU","CU","Curveball",1.7,9,"530",17.9,"140","0.15","0.218","0.188",39.2,42.1,28.8,"0.203","0.302","0.238",44
"Gallen, Zac",668678,"AZ","CH","Changeup",0.9,5,"500",16,"140","0.202","0.282","0.269",30.2,16.4,15.2,"0.212","0.329","0.282",30.4
"Sugano, Tomoyuki",608372,"BAL","ST","Sweeper",-0.5,-2,"509",19.8,"139","0.289","0.467","0.335",21.9,11.5,10.1,"0.261","0.416","0.296",36.7
"Soto, Gregory",642397,"NYM","SI","Sinker",-0.4,-2,"541",52.5,"139","0.314","0.39","0.389",16.2,12.9,18.8,"0.276","0.405","0.352",41.6
"Junk, Janson",676083,"MIA","SL","Slider",1,4,"447",27.6,"139","0.246","0.369","0.284",22.8,17.3,15.5,"0.298","0.494","0.353",39.8
"Walker, Taijuan",592836,"PHI","FC","Cutter",0.3,2,"620",30.1,"139","0.244","0.48","0.355",19.6,15.1,19.8,"0.209","0.417","0.31",35.9
"Williams, Gavin",668909,"CLE","ST","Sweeper",0.9,5,"583",19.9,"139","0.181","0.283","0.242",44,42.4,25.9,"0.179","0.319","0.251",38.6
"King, John",667463,"STL","SI","Sinker",-0.1,0,"461",59,"138","0.318","0.419","0.365",15.7,9.4,14.1,"0.304","0.432","0.343",49.1
"Bassitt, Chris",605135,"TOR","FC","Cutter",-0.3,-1,"478",16.9,"138","0.205","0.417","0.287",29.1,35.5,23.6,"0.203","0.389","0.285",31.6
"Clase, Emmanuel",661403,"CLE","FC","Cutter",1.1,6,"515",69,"138","0.266","0.347","0.3",30.1,21.7,22.7,"0.243","0.349","0.291",41.8
"Henry, Cole",669371,"WSH","FF","4-Seam Fastball",0.9,4,"489",50.6,"138","0.191","0.327","0.316",29.3,26.1,22.5,"0.181","0.33","0.311",38.7
"Mattson, Isaac",676755,"PIT","FF","4-Seam Fastball",1.3,8,"610",78.5,"138","0.191","0.287","0.267",23.1,25.4,19.1,"0.205","0.337","0.289",40
"Kelly, Merrill",518876,"TEX","FF","4-Seam Fastball",0.4,2,"643",22.7,"137","0.211","0.492","0.318",24.7,24.8,19.2,"0.234","0.522","0.341",54.3
"Springs, Jeffrey",605488,"ATH","SL","Slider",0.7,4,"580",20.4,"137","0.254","0.475","0.353",21.4,12.4,15.6,"0.28","0.492","0.364",46.2
"Keller, Mitch",656605,"PIT","SI","Sinker",0.6,3,"513",17.9,"137","0.26","0.415","0.335",13.4,15.3,19.6,"0.245","0.391","0.311",49.5
"Scott, Tanner",656945,"LAD","FF","4-Seam Fastball",-0.8,-4,"480",52.7,"137","0.244","0.52","0.337",22.6,24.1,20.5,"0.25","0.477","0.331",46.9
"Muñoz, Andrés",662253,"SEA","SL","Slider",2.8,15,"522",50.4,"137","0.109","0.133","0.156",51,43.8,30.8,"0.154","0.218","0.192",25.7
"Kremer, Dean",665152,"BAL","SI","Sinker",0.9,5,"522",19.4,"137","0.285","0.382","0.346",10.2,17.5,17.9,"0.268","0.428","0.338",37.4
"Vesia, Alex",681911,"LAD","FF","4-Seam Fastball",1.4,8,"588",57.5,"137","0.169","0.331","0.262",27.7,36.5,23.3,"0.169","0.342","0.266",38.9
"Kershaw, Clayton",477132,"LAD","FF","4-Seam Fastball",-0.1,0,"609",34.4,"137","0.264","0.38","0.336",6.6,7.3,11.6,"0.28","0.378","0.331",41.1
"Ashby, Aaron",676879,"MIL","SI","Sinker",1.5,8,"530",51.3,"136","0.244","0.328","0.306",16.4,15.4,22.8,"0.259","0.354","0.312",46.5
"Holmes, Grant",656550,"ATL","FF","4-Seam Fastball",-2.2,-14,"639",32.5,"136","0.33","0.651","0.466",16.9,16.9,15.5,"0.3","0.604","0.438",48.3
"Sheehan, Emmet",686218,"LAD","FF","4-Seam Fastball",-0.3,-2,"536",46.8,"135","0.214","0.436","0.332",26.5,23.7,23.4,"0.242","0.477","0.349",52.9
"Kikuchi, Yusei",579328,"LAA","CU","Curveball",0.5,2,"476",15.4,"135","0.23","0.357","0.292",24.2,20.7,19.9,"0.206","0.335","0.256",30
"Bergert, Ryan",686701,"KC","FF","4-Seam Fastball",0.6,4,"558",42.5,"135","0.196","0.321","0.303",16.8,20.7,17.6,"0.228","0.448","0.355",51.2
"Birdsong, Hayden",806185,"SF","FF","4-Seam Fastball",-0.1,0,"527",44.1,"135","0.204","0.466","0.362",21.1,17,16.4,"0.198","0.433","0.358",44.6
"De Los Santos, Enyel",660853,"HOU","FF","4-Seam Fastball",-0.2,-1,"540",48.9,"134","0.292","0.483","0.374",25.4,24.6,20.5,"0.288","0.495","0.367",50
"Sears, JP",676664,"SD","ST","Sweeper",0.7,5,"637",26.9,"134","0.218","0.427","0.306",26.1,24.6,19.1,"0.2","0.376","0.272",31.5
"Dreyer, Jack",676263,"LAD","FF","4-Seam Fastball",2.3,12,"517",45.1,"134","0.197","0.325","0.268",22.6,20.9,21.2,"0.211","0.38","0.297",40.9
"Kittredge, Andrew",552640,"CHC","SL","Slider",2.8,11,"406",52.9,"134","0.16","0.272","0.205",40.3,43.3,30.2,"0.155","0.259","0.201",42.9
"Peterson, David",656849,"NYM","FF","4-Seam Fastball",-1.2,-7,"603",22.3,"134","0.311","0.479","0.376",21.6,21.6,15.1,"0.321","0.543","0.4",46.7
"Santana, Dennis",642701,"PIT","SL","Slider",1.4,7,"465",46.4,"134","0.159","0.286","0.223",35.7,32.8,23.2,"0.172","0.327","0.238",32.5
"Uribe, Abner",682842,"MIL","SL","Slider",1.3,7,"536",46,"133","0.134","0.202","0.211",46.6,48.1,28.8,"0.127","0.172","0.19",18.2
"Montgomery, Mason",682254,"TB","FF","4-Seam Fastball",-1.3,-8,"569",66.2,"133","0.311","0.466","0.42",31.4,25.6,20.2,"0.263","0.424","0.38",46.5
"Montero, Rafael",606160,"DET","FS","Split-Finger",0.8,4,"510",46.9,"133","0.168","0.292","0.274",36.1,26.3,18.9,"0.171","0.256","0.262",28.2
"Littell, Zack",641793,"CIN","SI","Sinker",0.4,2,"445",16,"132","0.261","0.471","0.358",12.4,9.1,12.1,"0.281","0.454","0.352",38.3
"Martinez, Nick",607259,"CIN","CH","Changeup",-0.3,-2,"510",19.8,"132","0.192","0.384","0.263",29.6,23.5,15.7,"0.191","0.323","0.24",24.2
"Bradley, Taj",671737,"MIN","FC","Cutter",0.6,3,"514",22.6,"132","0.231","0.355","0.285",31.9,18.9,21.2,"0.249","0.439","0.321",37.1
"Bazardo, Eduard",660825,"SEA","SI","Sinker",2.4,12,"498",40.7,"132","0.158","0.233","0.231",17.9,32.6,28.9,"0.175","0.304","0.249",40.3
"Kolek, Stephen",663568,"KC","SI","Sinker",0.8,3,"407",24.1,"132","0.267","0.31","0.328",13.1,9.8,15.3,"0.273","0.363","0.328",51.5
"Bibee, Tanner",676440,"CLE","CH","Changeup",-0.8,-4,"450",15.2,"132","0.22","0.415","0.301",38.7,35.6,22.3,"0.175","0.325","0.25",23
"Martinez, Nick",607259,"CIN","SI","Sinker",0.8,3,"450",17.5,"131","0.241","0.414","0.323",13.2,14.5,17.9,"0.235","0.341","0.284",28.7
"Eisert, Brandon",685126,"CWS","SL","Slider",-1.4,-6,"436",35.9,"131","0.298","0.512","0.37",28.9,22.1,21.2,"0.248","0.447","0.322",38.3
"Rodríguez, Yariel",684320,"TOR","SL","Slider",2.3,11,"478",41.3,"131","0.134","0.252","0.211",37.2,34.4,26.2,"0.174","0.308","0.247",27.6
"Misiorowski, Jacob",694819,"MIL","FF","4-Seam Fastball",0.5,3,"642",55.2,"131","0.193","0.312","0.298",32.5,34.4,23,"0.183","0.331","0.299",40.6
"Fluharty, Mason",689254,"TOR","FC","Cutter",1,5,"500",58.2,"131","0.182","0.282","0.285",27.9,26,22.2,"0.216","0.345","0.307",37.2
"Patrick, Chad",694477,"MIL","SI","Sinker",0.9,4,"475",23.6,"130","0.226","0.348","0.307",11.7,16.9,17.6,"0.239","0.374","0.313",50.5
"Suter, Brent",608718,"CIN","FF","4-Seam Fastball",0.4,2,"471",42.2,"130","0.271","0.466","0.369",18.3,17.7,15.1,"0.256","0.461","0.338",38.5
"Walker, Taijuan",592836,"PHI","FS","Split-Finger",-1.8,-8,"463",22.5,"130","0.283","0.475","0.355",20.4,13.1,10.9,"0.292","0.442","0.34",45.2
"Woods Richardson, Simeon",680573,"MIN","SL","Slider",0.2,1,"510",27.2,"130","0.21","0.378","0.283",27.4,26.2,17.6,"0.19","0.349","0.262",36
"Kirby, George",669923,"SEA","SL","Slider",0.5,3,"587",28.1,"130","0.276","0.39","0.287",30.9,25.4,17.9,"0.248","0.403","0.286",44.2
"Vásquez, Randy",681190,"SD","SI","Sinker",2.2,9,"410",19.1,"130","0.242","0.292","0.271",6.4,6.9,11.1,"0.306","0.507","0.372",47.7
"Abreu, Bryan",650556,"HOU","FF","4-Seam Fastball",0.8,5,"594",50,"129","0.196","0.259","0.265",36.4,33.3,26.7,"0.21","0.34","0.296",49.3
"Warren, Will",701542,"NYY","ST","Sweeper",-1.7,-10,"578",20.6,"129","0.336","0.569","0.421",33,24,19.3,"0.291","0.478","0.361",41.4
"Fairbanks, Pete",664126,"TB","FF","4-Seam Fastball",0.7,4,"504",51.1,"129","0.221","0.319","0.326",21.9,17.8,15.9,"0.247","0.36","0.313",48.4
"Bibee, Tanner",676440,"CLE","FC","Cutter",0.7,4,"620",20.9,"129","0.22","0.424","0.323",29.9,16.3,17.2,"0.214","0.383","0.291",37.1
"Vodnik, Victor",680767,"COL","FF","4-Seam Fastball",-0.3,-2,"515",56,"129","0.283","0.442","0.377",17.1,15.5,14.9,"0.271","0.477","0.365",54.8
"Kerkering, Orion",689147,"PHI","ST","Sweeper",-0.4,-2,"515",48,"128","0.235","0.387","0.305",23.6,21.9,18.3,"0.231","0.386","0.285",26.9
"Beeks, Jalen",656222,"AZ","FF","4-Seam Fastball",0.2,1,"480",52.4,"128","0.272","0.465","0.364",21.3,16.4,18.6,"0.278","0.491","0.366",49.5
"Cruz, Fernando",518585,"NYY","FS","Split-Finger",1.3,6,"479",60.5,"128","0.178","0.28","0.243",56.6,49.2,35.2,"0.151","0.26","0.216",38.2
"López, Pablo",641154,"MIN","FF","4-Seam Fastball",1.5,8,"518",41.2,"128","0.274","0.35","0.317",22.3,18.8,17.6,"0.305","0.443","0.355",44.1
"Márquez, Germán",608566,"COL","SI","Sinker",-1.2,-5,"413",19.8,"128","0.35","0.545","0.404",4.3,0,0,"0.328","0.52","0.375",49.6
"Finnegan, Kyle",640448,"DET","FF","4-Seam Fastball",1.1,5,"493",58.3,"128","0.232","0.384","0.318",15.8,18,17.6,"0.244","0.392","0.319",46.7
"Gil, Luis",661563,"NYY","FF","4-Seam Fastball",0.3,2,"491",50.6,"128","0.25","0.393","0.331",18.8,14.1,15.5,"0.282","0.465","0.361",49.5
"Castillo, Luis",622491,"SEA","SL","Slider",0.1,1,"609",20.4,"128","0.23","0.336","0.268",36.5,34.4,20.1,"0.232","0.354","0.271",41.8
"Uceta, Edwin",670955,"TB","FF","4-Seam Fastball",0.6,3,"493",40.6,"128","0.155","0.355","0.277",38.7,41.4,30.8,"0.15","0.331","0.267",36.2
"Romano, Jordan",605447,"PHI","SL","Slider",-0.2,-1,"443",63.2,"128","0.263","0.483","0.336",29.5,25.8,23.7,"0.204","0.387","0.281",37.9
"Bido, Osvaldo",674370,"ATH","FF","4-Seam Fastball",-2.3,-12,"529",38.4,"128","0.327","0.625","0.441",21.7,15.6,12.2,"0.29","0.61","0.431",52.9
"Cantillo, Joey",676282,"CLE","CH","Changeup",0.8,4,"500",30.5,"127","0.165","0.27","0.243",49.4,36.2,28.4,"0.17","0.226","0.216",21.4
"Bibee, Tanner",676440,"CLE","ST","Sweeper",1,5,"470",15.8,"127","0.168","0.292","0.264",30.8,26.8,17.2,"0.189","0.345","0.276",30
"Baker, Bryan",641329,"TB","FF","4-Seam Fastball",0.2,1,"520",47.2,"127","0.272","0.482","0.364",27.8,30.7,24.5,"0.256","0.512","0.358",61.8
"Quantrill, Cal",615698,"ATL","FC","Cutter",0.5,2,"435",21.7,"126","0.284","0.56","0.386",21.5,19.8,23.8,"0.294","0.59","0.398",51.6
"Nola, Aaron",605400,"PHI","CU","Curveball",-0.6,-3,"457",29.1,"126","0.274","0.462","0.349",39.1,34.1,25.4,"0.237","0.369","0.291",36.5
"Little, Brendon",663893,"TOR","SI","Sinker",-0.2,-1,"565",45.6,"126","0.248","0.366","0.397",31.6,9.5,20.3,"0.267","0.398","0.368",49.4
"Yamamoto, Yoshinobu",808967,"LAD","CU","Curveball",1,5,"491",17.6,"126","0.195","0.257","0.256",36.7,28.6,25.2,"0.217","0.32","0.279",31.2
"Pivetta, Nick",601713,"SD","ST","Sweeper",1.4,7,"528",18.5,"125","0.185","0.261","0.229",37.1,32,22.2,"0.177","0.271","0.212",22.5
"Peralta, Freddy",642547,"MIL","CU","Curveball",1,5,"489",15.8,"125","0.183","0.283","0.228",34.5,41.6,22.1,"0.16","0.21","0.182",19.1
"Soroka, Michael",647336,"CHC","SV","Slurve",1.3,7,"531",34.8,"125","0.118","0.245","0.212",38.3,44,28.5,"0.131","0.211","0.21",28.6
"Bellozo, Valente",678368,"MIA","FC","Cutter",-0.2,-1,"463",35,"125","0.324","0.505","0.402",17.8,11.2,16.7,"0.289","0.527","0.376",46.5
"Megill, Tylor",656731,"NYM","FF","4-Seam Fastball",0.8,4,"521",42.2,"125","0.226","0.377","0.32",29.6,35.2,27.3,"0.221","0.369","0.328",50.8
"Miller, Mason",695243,"SD","FF","4-Seam Fastball",0.2,1,"507",52.2,"125","0.163","0.388","0.331",37.5,38.4,27.7,"0.168","0.362","0.323",49.1
"Crochet, Garrett",676979,"BOS","SI","Sinker",3,15,"498",15.8,"124","0.226","0.287","0.267",19.8,15.3,25.7,"0.271","0.382","0.312",34.4
"Cabrera, Edward",665795,"MIA","SI","Sinker",-1,-5,"460",20.4,"124","0.37","0.583","0.443",9.2,2.4,6.1,"0.352","0.605","0.444",46.7
"Detmers, Reid",672282,"LAA","FF","4-Seam Fastball",1.4,7,"491",45.3,"124","0.239","0.33","0.297",30.9,33.9,24.9,"0.215","0.353","0.301",44.1
"Lugo, Seth",607625,"KC","CU","Curveball",0.4,2,"548",23,"124","0.214","0.325","0.259",25.8,29,19.6,"0.235","0.358","0.28",44.4
"Canning, Griffin",656288,"NYM","SL","Slider",-0.3,-1,"422",31.4,"123","0.277","0.42","0.346",33.5,22,18.5,"0.263","0.447","0.339",44.7
"Alexander, Jason",669920,"HOU","CH","Changeup",-0.9,-4,"410",32.7,"123","0.193","0.456","0.302",41.7,36.6,24.7,"0.173","0.341","0.249",35.7
"Mears, Nick",683232,"MIL","FF","4-Seam Fastball",-0.1,0,"452",53.5,"123","0.269","0.417","0.323",14.6,13.8,11.6,"0.315","0.537","0.376",49.5
"Svanson, Matt",694335,"STL","SI","Sinker",2.4,11,"457",47.4,"123","0.157","0.25","0.237",19.2,26,21.5,"0.212","0.356","0.289",33.3
"Lugo, Seth",607625,"KC","FF","4-Seam Fastball",-0.3,-1,"504",21.2,"123","0.234","0.486","0.351",14.4,14.6,13.6,"0.26","0.532","0.377",48.9
"Bivens, Spencer",702352,"SF","SI","Sinker",0.1,0,"486",37.6,"123","0.291","0.4","0.354",7.5,16.3,19.4,"0.25","0.382","0.316",37.8
"Matthews, Zebby",805673,"MIN","FF","4-Seam Fastball",-1.4,-8,"556",41.1,"123","0.357","0.616","0.431",22.4,24.4,19.4,"0.303","0.571","0.394",49.4
"Kelly, Merrill",518876,"TEX","FC","Cutter",1.7,10,"584",20.6,"123","0.179","0.368","0.26",16.7,22.8,26.9,"0.244","0.493","0.328",44.9
"Varland, Louis",686973,"TOR","FF","4-Seam Fastball",0.6,3,"475",44.6,"122","0.255","0.353","0.326",17.7,21.3,22.6,"0.273","0.435","0.357",50.6
"Zerpa, Angel",672582,"KC","SI","Sinker",0.7,3,"484",44,"122","0.301","0.417","0.368",8.5,16.4,14.3,"0.233","0.342","0.31",42.4
"Walker, Taijuan",592836,"PHI","SI","Sinker",0.5,2,"417",20.2,"122","0.231","0.343","0.307",10.9,18,18.8,"0.247","0.382","0.319",38.4
"Bednar, David",670280,"NYY","FF","4-Seam Fastball",0.4,2,"451",44,"122","0.229","0.413","0.307",22.2,26.2,20.6,"0.244","0.492","0.346",51.3
"Cabrera, Edward",665795,"MIA","CU","Curveball",1.3,7,"531",23.6,"122","0.142","0.245","0.23",45.2,44.3,26.6,"0.126","0.204","0.209",40.7
"Helsley, Ryan",664854,"NYM","FF","4-Seam Fastball",-3.4,-15,"445",45.5,"121","0.422","0.667","0.506",17.8,14.9,15.5,"0.317","0.524","0.411",52.9
"Burnes, Corbin",669203,"AZ","FC","Cutter",0.4,2,"554",54.9,"121","0.257","0.446","0.367",21.7,14,14.9,"0.254","0.407","0.346",43.5
"Duran, Jhoan",661395,"PHI","FS","Split-Finger",2.9,12,"429",40,"121","0.237","0.298","0.256",23.2,12.4,19.5,"0.231","0.33","0.264",43
"Lorenzen, Michael",547179,"KC","FF","4-Seam Fastball",-1.5,-8,"510",22,"121","0.282","0.545","0.375",16.6,22.3,17.4,"0.256","0.544","0.368",53.6
"Casparius, Ben",676508,"LAD","ST","Sweeper",0.1,1,"406",32.2,"121","0.248","0.376","0.287",25.9,26.4,18.2,"0.227","0.359","0.262",29.1
"Bazardo, Eduard",660825,"SEA","SL","Slider",1.6,8,"524",42.8,"120","0.177","0.292","0.218",21.4,18.3,13.5,"0.224","0.372","0.285",29
"Megill, Trevor",656730,"MIL","FF","4-Seam Fastball",0.3,1,"456",60.6,"120","0.264","0.406","0.332",20.6,25.8,21.4,"0.255","0.449","0.337",42.9
"Jax, Griffin",643377,"TB","ST","Sweeper",0.9,5,"478",43.7,"120","0.223","0.295","0.273",46.5,49.2,32.4,"0.192","0.294","0.242",39.6
"Montero, Keider",672456,"DET","FF","4-Seam Fastball",-0.3,-2,"453",30.8,"120","0.295","0.41","0.356",14.2,17.5,16.8,"0.292","0.49","0.379",38.1
"Whitlock, Garrett",676477,"BOS","SI","Sinker",1.7,10,"556",47.1,"120","0.212","0.279","0.28",31.1,29.2,21.1,"0.2","0.344","0.287",42.9
"Rogers, Trevor",669432,"BAL","CH","Changeup",1.7,7,"406",25,"120","0.202","0.272","0.235",26.9,16.7,14.8,"0.259","0.391","0.296",50.5
"Fried, Max",608331,"NYY","CU","Curveball",0.5,3,"537",17.3,"120","0.19","0.293","0.234",42,40.8,24.7,"0.203","0.33","0.237",35.3
"Priester, Quinn",682990,"MIL","FC","Cutter",-0.3,-1,"505",20.5,"120","0.28","0.43","0.348",22.6,24.2,18.5,"0.24","0.368","0.309",39.7
"Ashcraft, Graham",668933,"CIN","SL","Slider",1.5,7,"477",45.9,"120","0.197","0.274","0.228",41.8,39.2,26.6,"0.165","0.215","0.174",28.2
"Holmes, Clay",605280,"NYM","ST","Sweeper",-0.7,-4,"526",19,"119","0.218","0.327","0.3",25.5,26.1,18.6,"0.207","0.322","0.262",30.4
"Rutledge, Jackson",671131,"WSH","SI","Sinker",-1,-4,"437",32.6,"119","0.343","0.559","0.423",11.2,8.4,12.8,"0.296","0.501","0.376",59.4
"Ober, Bailey",641927,"MIN","SL","Slider",-1.9,-8,"418",17.7,"119","0.321","0.606","0.431",21.3,12.6,14,"0.279","0.505","0.36",43.2
"Akin, Keegan",669211,"BAL","FF","4-Seam Fastball",-0.9,-5,"543",51.3,"119","0.323","0.566","0.433",25.2,19.3,13.6,"0.303","0.56","0.421",53.9
"Valdez, Framber",664285,"HOU","CH","Changeup",-0.7,-4,"516",17.8,"118","0.223","0.42","0.314",28.7,21.2,19.5,"0.206","0.368","0.273",44.8
"Bachar, Lake",669199,"MIA","FF","4-Seam Fastball",0.2,1,"425",37.2,"118","0.227","0.515","0.37",25.2,23.7,27.7,"0.236","0.552","0.39",53.5
"Ragans, Cole",666142,"KC","FF","4-Seam Fastball",0.2,1,"534",49.5,"118","0.225","0.422","0.317",28.6,33.9,23.1,"0.187","0.383","0.287",41.5
"Wentz, Joey",666214,"ATL","SL","Slider",-0.5,-2,"480",26.4,"117","0.283","0.443","0.337",29.4,23.9,17.4,"0.25","0.436","0.319",45
"Bello, Brayan",678394,"BOS","ST","Sweeper",-0.3,-2,"513",19,"117","0.202","0.356","0.283",26.6,29.1,17.4,"0.251","0.492","0.336",37.8
"Williams, Devin",642207,"NYY","FF","4-Seam Fastball",0.5,3,"529",47.4,"117","0.202","0.293","0.288",38,39.3,28.4,"0.171","0.265","0.266",45.3
"Banda, Anthony",607455,"LAD","SL","Slider",0.9,5,"524",49.2,"116","0.144","0.269","0.225",37.9,31.9,21.1,"0.163","0.312","0.246",35.3
"Sugano, Tomoyuki",608372,"BAL","SI","Sinker",0.2,1,"412",16.1,"116","0.31","0.49","0.383",9.9,10.3,12.2,"0.295","0.56","0.399",47.3
"Quintana, Jose",500779,"MIL","CH","Changeup",-0.4,-2,"480",22.1,"116","0.274","0.354","0.287",20.3,11.2,10.2,"0.283","0.44","0.32",34
"Sugano, Tomoyuki",608372,"BAL","FF","4-Seam Fastball",-1,-5,"485",18.9,"116","0.279","0.577","0.403",13.9,19.8,15.9,"0.295","0.629","0.419",49.4
"Burke, Sean",680732,"CWS","CU","Curveball",0.5,3,"563",23.7,"115","0.21","0.343","0.306",27.1,28.7,19.5,"0.257","0.435","0.335",45.8
"Helsley, Ryan",664854,"NYM","SL","Slider",2.5,12,"464",47.4,"115","0.14","0.206","0.179",41.6,37.4,24.9,"0.162","0.235","0.192",26.9
"Speier, Gabe",642100,"SEA","FF","4-Seam Fastball",2.1,9,"412",44.7,"115","0.164","0.309","0.216",33.3,43.5,28.4,"0.181","0.35","0.241",52.5
"Rogers, Taylor",573124,"CHC","SI","Sinker",-2.4,-10,"438",49,"115","0.326","0.537","0.426",10.2,14.8,12.1,"0.312","0.573","0.416",53.7
"Lorenzen, Michael",547179,"KC","SI","Sinker",0.1,1,"419",18.1,"115","0.262","0.477","0.343",10.8,20,22.1,"0.276","0.447","0.336",42.9
"Cameron, Noah",702070,"KC","CU","Curveball",2.2,9,"418",19.3,"115","0.153","0.189","0.177",30.4,37.4,24.6,"0.178","0.244","0.201",33.8
"Quantrill, Cal",615698,"ATL","FS","Split-Finger",-1.9,-8,"422",21.1,"115","0.268","0.455","0.324",23.9,18.3,11.4,"0.272","0.427","0.31",41.8
"Sousa, Bennett",656986,"HOU","SL","Slider",2.1,9,"423",58.1,"115","0.147","0.275","0.205",49.8,44.3,34.2,"0.13","0.257","0.19",39.7
"Schmidt, Clarke",657376,"NYY","FC","Cutter",0.8,4,"496",40.5,"115","0.245","0.429","0.338",23.8,14.8,14.3,"0.223","0.378","0.311",36.1
"Bido, Osvaldo",674370,"ATH","SL","Slider",-0.6,-3,"411",29.8,"114","0.252","0.553","0.36",34.1,30.7,22,"0.226","0.508","0.335",45.7
"Hader, Josh",623352,"HOU","SI","Sinker",0.7,3,"459",54.2,"114","0.163","0.429","0.298",30.6,29.8,21.8,"0.154","0.323","0.261",36.4
"Young, Brandon",687064,"BAL","FF","4-Seam Fastball",0.4,2,"411",43.8,"114","0.277","0.396","0.323",18.8,17.5,18.7,"0.233","0.388","0.299",42.9
"Sánchez, Cristopher",650911,"PHI","SL","Slider",0.1,0,"480",16.6,"114","0.252","0.477","0.323",33.6,22.8,19.4,"0.237","0.448","0.306",32.5
"Ortiz, Luis",682847,"CLE","FF","4-Seam Fastball",-0.3,-1,"441",29.4,"114","0.242","0.4","0.354",32.3,31.6,25.4,"0.225","0.44","0.35",50.8
"Buehler, Walker",621111,"PHI","FF","4-Seam Fastball",-1.6,-9,"554",25.3,"113","0.277","0.553","0.403",15,12.4,10.4,"0.297","0.639","0.44",54.3
"Skenes, Paul",694973,"PIT","ST","Sweeper",1.9,9,"475",15.8,"113","0.15","0.215","0.195",32.9,30.1,20.7,"0.167","0.254","0.209",19.2
"Webb, Jacob",657097,"TEX","FF","4-Seam Fastball",1.7,7,"435",44.5,"113","0.186","0.289","0.281",22.8,23,19.4,"0.205","0.345","0.297",43.1
"Keller, Brad",641745,"CHC","FF","4-Seam Fastball",1.7,8,"470",42.2,"113","0.211","0.295","0.296",17.1,20.4,19.8,"0.218","0.36","0.318",36.1
"Morales, Luis",806960,"ATH","FF","4-Seam Fastball",-0.2,-1,"430",52.4,"113","0.278","0.454","0.362",15.3,16.8,17.8,"0.288","0.516","0.386",51.9
"Legumina, Casey",668984,"SEA","FF","4-Seam Fastball",0.6,3,"424",49.2,"112","0.191","0.309","0.282",28.4,32.1,21.7,"0.192","0.331","0.291",41.7
"Senzatela, Antonio",622608,"COL","SL","Slider",-1.3,-6,"451",19.7,"112","0.327","0.577","0.39",25.8,13.4,13,"0.295","0.545","0.362",39.8
"Pfaadt, Brandon",694297,"AZ","CH","Changeup",-0.4,-2,"459",15.7,"112","0.278","0.435","0.321",28,12.5,11.7,"0.285","0.47","0.336",34
"Cano, Yennier",666974,"BAL","SI","Sinker",1,4,"452",45.8,"112","0.245","0.351","0.325",20.2,15.2,19.8,"0.219","0.345","0.304",41.3
"Williams, Gavin",668909,"CLE","FC","Cutter",0.4,2,"410",14,"112","0.233","0.433","0.381",18.1,6.3,10,"0.267","0.441","0.38",49.4
"Alcantara, Sandy",645261,"MIA","CU","Curveball",-1.4,-7,"521",18,"111","0.262","0.514","0.34",24.8,26.1,18,"0.255","0.507","0.334",41
"Bassitt, Chris",605135,"TOR","CU","Curveball",1.2,5,"455",16.1,"111","0.172","0.293","0.246",31.4,25.2,19.2,"0.182","0.264","0.244",18.1
"Díaz, Edwin",621242,"NYM","FF","4-Seam Fastball",1.6,9,"561",52.6,"110","0.133","0.2","0.224",39.4,35.5,25.3,"0.179","0.293","0.283",45.5
"Kolek, Stephen",663568,"KC","FF","4-Seam Fastball",0.6,3,"432",25.6,"110","0.2","0.389","0.297",15.4,22.7,16.8,"0.245","0.471","0.351",51.4
"Junis, Jakob",596001,"CLE","SL","Slider",0.7,3,"459",44.5,"110","0.238","0.362","0.273",31.4,28.2,20.3,"0.222","0.365","0.266",33.3
"Quantrill, Cal",615698,"ATL","SI","Sinker",-0.1,0,"442",22.1,"110","0.29","0.473","0.378",14.6,14.5,16,"0.276","0.482","0.377",34.6
"Brash, Matt",666374,"SEA","SL","Slider",1,5,"498",60.6,"110","0.224","0.286","0.272",36,31.8,25.7,"0.202","0.282","0.25",22.7
"Burke, Brock",656271,"LAA","FF","4-Seam Fastball",0.5,2,"431",42.5,"109","0.271","0.417","0.331",20.6,22.9,15.7,"0.264","0.446","0.339",45.9
"Cameron, Noah",702070,"KC","FC","Cutter",-0.8,-4,"466",21.5,"109","0.283","0.489","0.384",22.7,5.5,10.5,"0.296","0.487","0.389",29.9
"Bello, Brayan",678394,"BOS","CH","Changeup",-0.3,-1,"410",15.2,"109","0.219","0.324","0.252",32.8,20.2,17.2,"0.279","0.394","0.306",27.7
"Miller, Shelby",571946,"MIL","FF","4-Seam Fastball",1.9,8,"438",62.1,"109","0.235","0.296","0.261",26.1,27.5,26.1,"0.233","0.373","0.288",45.1
"Boyd, Matthew",571510,"CHC","SL","Slider",-0.1,0,"408",14.9,"108","0.208","0.292","0.269",34.9,35.2,19.2,"0.213","0.263","0.252",30
"Domínguez, Seranthony",622554,"TOR","FF","4-Seam Fastball",0.4,2,"476",43.2,"108","0.209","0.349","0.35",26.8,26.9,24.2,"0.215","0.356","0.336",38.6
"Holmes, Clay",605280,"NYM","CH","Changeup",0.5,2,"432",15.6,"108","0.204","0.233","0.234",29.9,27.8,15.1,"0.221","0.323","0.256",30.1
"Alcala, Jorge",660896,"STL","FF","4-Seam Fastball",-0.6,-3,"491",46.4,"108","0.247","0.573","0.391",28.9,22.2,16.3,"0.203","0.426","0.328",44.8
"Smith, Shane",681343,"CWS","CH","Changeup",-0.4,-2,"406",16.8,"107","0.2","0.337","0.29",31.8,21.5,16.3,"0.256","0.397","0.326",50
"Wheeler, Zack",554430,"PHI","SI","Sinker",0.3,1,"407",17,"107","0.245","0.431","0.336",15.9,21.5,22.5,"0.217","0.345","0.264",31.6
"Leiter, Jack",683004,"TEX","CH","Changeup",-0.6,-3,"426",16.5,"106","0.186","0.32","0.265",32.2,33,25.7,"0.224","0.391","0.298",43.5
"Povich, Cade",700249,"BAL","CU","Curveball",-1.5,-7,"430",21.8,"106","0.309","0.485","0.394",29,24.5,16.7,"0.234","0.407","0.303",37.5
"Lopez, Jacob",682052,"ATH","FF","4-Seam Fastball",0,0,"587",35.2,"106","0.209","0.407","0.34",28.7,38.7,22.5,"0.169","0.353","0.306",34.8
"Okert, Steven",595345,"HOU","FF","4-Seam Fastball",1.1,5,"433",41.2,"106","0.247","0.337","0.313",21,17.9,20.9,"0.235","0.404","0.331",37
"Berríos, José",621244,"TOR","FF","4-Seam Fastball",-0.6,-3,"459",17.8,"106","0.308","0.473","0.395",15.3,14.2,11.5,"0.262","0.461","0.361",46.2
"Snell, Blake",605483,"LAD","FF","4-Seam Fastball",0.1,0,"448",43.6,"106","0.309","0.426","0.362",22.1,20.8,20.4,"0.288","0.408","0.338",33.8
"Matsui, Yuki",673513,"SD","FF","4-Seam Fastball",-1.1,-5,"420",39.5,"105","0.235","0.529","0.393",17.9,14.3,15.6,"0.231","0.486","0.369",46.5
"Anderson, Tyler",542881,"LAA","FC","Cutter",-1.7,-8,"479",20.5,"105","0.32","0.536","0.379",18.8,8.6,8.4,"0.29","0.452","0.332",31.9
"Peterson, David",656849,"NYM","CH","Changeup",0.5,2,"412",15.3,"105","0.223","0.298","0.294",24.1,12.4,11.4,"0.275","0.346","0.314",37
"Severino, Luis",622663,"ATH","FC","Cutter",0.8,4,"478",17.5,"105","0.3","0.389","0.357",16.1,2.9,6,"0.306","0.459","0.368",31.5
"Leasure, Jordan",673929,"CWS","SL","Slider",1.5,7,"480",42.5,"105","0.147","0.263","0.241",40.8,32.4,27,"0.173","0.262","0.236",26.2
"Miller, Mason",695243,"SD","SL","Slider",3.7,16,"443",45.6,"105","0.108","0.108","0.114",54.6,52.4,37.4,"0.142","0.198","0.163",25.5
"Alexander, Tyler",641302,"CWS","FF","4-Seam Fastball",0.1,0,"414",26.1,"105","0.227","0.392","0.3",20.1,26.7,17.6,"0.235","0.478","0.33",50.7
"Patrick, Chad",694477,"MIL","FF","4-Seam Fastball",0.8,4,"440",21.9,"104","0.229","0.323","0.284",26.1,35.6,19.3,"0.199","0.328","0.261",37.3
"Garcia, Robert",676395,"TEX","FF","4-Seam Fastball",1,5,"436",44.9,"104","0.227","0.375","0.315",30.3,32.7,23.4,"0.198","0.37","0.298",42.1
"Rogers, Taylor",573124,"CHC","ST","Sweeper",1,5,"455",50.9,"104","0.168","0.337","0.265",33.6,34.6,22.8,"0.15","0.241","0.208",31.7
"Gordon, Colton",676467,"HOU","ST","Sweeper",-1.7,-7,"437",30.1,"104","0.273","0.515","0.344",21.7,26.9,14.4,"0.206","0.395","0.277",38.9
"Lord, Brad",695418,"WSH","SL","Slider",-1.8,-8,"430",20.2,"103","0.255","0.469","0.327",26.7,20.4,14.5,"0.258","0.498","0.337",42.9
"Anderson, Grant",681982,"MIL","ST","Sweeper",0.9,4,"438",37.8,"103","0.177","0.313","0.266",36.7,25.2,21.8,"0.21","0.315","0.247",27.8
"Ort, Kaleb",672391,"HOU","FF","4-Seam Fastball",0.3,1,"428",54.3,"103","0.195","0.354","0.322",26.4,21.4,17.3,"0.174","0.326","0.303",34.4
"Vásquez, Randy",681190,"SD","FF","4-Seam Fastball",1.5,7,"452",21,"103","0.221","0.326","0.299",16,20.4,16,"0.22","0.424","0.33",44.8
"Eovaldi, Nathan",543135,"TEX","FF","4-Seam Fastball",-0.1,0,"432",22.5,"102","0.272","0.467","0.339",13.5,17.6,11.9,"0.261","0.448","0.332",49.4
"Burns, Chase",695505,"CIN","FF","4-Seam Fastball",0.9,4,"442",57.9,"102","0.25","0.341","0.314",25.2,29.4,21.7,"0.242","0.38","0.322",50.8
"Skenes, Paul",694973,"PIT","FS","Split-Finger",0.4,2,"405",13.5,"101","0.269","0.366","0.326",22.8,12.9,18.6,"0.265","0.375","0.31",43.8
"Hoffman, Jeff",656546,"TOR","FF","4-Seam Fastball",-1.4,-6,"422",37.4,"99","0.222","0.642","0.413",24.2,25.3,20,"0.241","0.644","0.423",52.6
"Gray, Sonny",543243,"STL","CU","Curveball",1.1,5,"500",18.4,"99","0.213","0.362","0.268",33.7,29.3,35.4,"0.241","0.43","0.305",44.6
"Bello, Brayan",678394,"BOS","FF","4-Seam Fastball",-0.3,-1,"408",15.1,"98","0.271","0.447","0.344",13.7,13.3,9.2,"0.202","0.361","0.29",41.9
"Scott, Tanner",656945,"LAD","SL","Slider",0.5,2,"430",47.2,"98","0.267","0.372","0.326",37.8,27.6,18.1,"0.241","0.331","0.298",35
"Newcomb, Sean",656794,"ATH","FF","4-Seam Fastball",1.3,6,"463",29.9,"98","0.216","0.33","0.288",23.5,30.6,21.4,"0.235","0.392","0.307",42.4
"Mikolas, Miles",571945,"STL","CU","Curveball",-1.6,-7,"436",17.6,"98","0.228","0.435","0.301",22.7,29.6,15.3,"0.193","0.356","0.251",30.8
"Alcantara, Sandy",645261,"MIA","SL","Slider",0.4,2,"456",15.8,"97","0.23","0.356","0.285",24.9,22.7,16.2,"0.301","0.499","0.366",46.3
"Rodríguez, Yariel",684320,"TOR","FF","4-Seam Fastball",0.2,1,"473",40.8,"97","0.266","0.38","0.355",18.8,8.2,11.6,"0.277","0.44","0.375",40.3
"Bello, Brayan",678394,"BOS","FC","Cutter",0.2,1,"423",15.7,"96","0.23","0.437","0.331",24.6,15.6,19.7,"0.261","0.506","0.359",50
"Yates, Kirby",489446,"LAD","FF","4-Seam Fastball",0.2,1,"440",57.7,"96","0.214","0.512","0.344",35.3,30.2,22,"0.195","0.442","0.313",41.1
"Nola, Aaron",605400,"PHI","FF","4-Seam Fastball",-0.3,-2,"475",30.3,"95","0.23","0.529","0.344",13.9,14.7,11.6,"0.228","0.506","0.335",45.9
"Boyle, Joe",671212,"TB","FF","4-Seam Fastball",-0.5,-2,"453",48.5,"94","0.241","0.43","0.37",26.8,14.9,13.2,"0.25","0.509","0.379",49.2
"Leahy, Kyle",681517,"STL","FF","4-Seam Fastball",0.9,4,"410",30.4,"93","0.237","0.388","0.32",21.8,25.8,23.8,"0.243","0.451","0.344",52.6
"Suárez, Ranger",624133,"PHI","FC","Cutter",0.5,2,"422",17.4,"92","0.303","0.562","0.377",20.2,14.1,22,"0.259","0.449","0.313",27.6
"Pepiot, Ryan",686752,"TB","SL","Slider",-1,-5,"465",17.2,"92","0.27","0.539","0.362",23.4,12,10,"0.294","0.577","0.377",38.5
"Doval, Camilo",666808,"NYY","FC","Cutter",0.2,1,"439",39.8,"91","0.236","0.347","0.344",16.5,11,11.8,"0.271","0.444","0.377",43.8
"Rodriguez, Eduardo",593958,"AZ","FC","Cutter",0.7,3,"407",15.7,"91","0.268","0.451","0.353",22,16.5,22.7,"0.258","0.445","0.335",27.9
"Cannon, Jonathan",686563,"CWS","FC","Cutter",-0.3,-1,"421",23.5,"89","0.26","0.506","0.374",26.4,19.1,26.6,"0.279","0.534","0.39",46.7
"Rodríguez, Randy",678495,"SF","FF","4-Seam Fastball",1.3,6,"448",55.4,"88","0.163","0.225","0.222",28.6,34.1,22.4,"0.18","0.28","0.242",37.3
"Montero, Rafael",606160,"DET","FF","4-Seam Fastball",0.3,1,"439",40.3,"86","0.229","0.371","0.342",24.5,19.8,12.9,"0.252","0.463","0.378",61.1
"Ginn, J.T.",669372,"ATH","SL","Slider",-1.2,-5,"406",25.8,"84","0.25","0.537","0.349",38.3,36.9,23.7,"0.202","0.399","0.266",40
"Canning, Griffin",656288,"NYM","FF","4-Seam Fastball",-0.3,-2,"471",35.1,"83","0.25","0.458","0.349",19.3,26.5,18,"0.245","0.54","0.374",56.9
"Milner, Hoby",571948,"TEX","ST","Sweeper",0.7,3,"406",35.1,"75","0.232","0.29","0.276",15.2,17.3,12.5,"0.232","0.413","0.294",31